#############################
                     [1m Learning iteration 1908/2000 [0m                     

                       Computation: 68818 steps/s (collection: 1.194s, learning 0.234s)
               Value function loss: 0.0193
                    Surrogate loss: -0.0054
              State estimator loss: 0.0228
             Mean action noise std: 3.30
                       Mean reward: 64.46
               Mean episode length: 2086.76
Mean episode rew_action_smoothness: -0.6230
     Mean episode rew_ankle_motion: -0.0206
    Mean episode rew_ankle_torques: -3.7029
         Mean episode rew_base_acc: 0.0752
      Mean episode rew_base_height: 0.0088
        Mean episode rew_collision: -0.0000
Mean episode rew_default_joint_pos: -0.0012
          Mean episode rew_dof_acc: -0.0670
   Mean episode rew_dof_pos_limits: -0.2080
Mean episode rew_dof_torque_limits: -0.0329
          Mean episode rew_dof_vel: -0.0000
   Mean episode rew_dof_vel_limits: -0.1309
    Mean episode rew_feet_air_time: 0.0447
   Mean episode rew_feet_clearance: 1.3519
Mean episode rew_feet_contact_forces: -0.3616
Mean episode rew_feet_contact_number: 0.4989
    Mean episode rew_feet_distance: 0.1720
    Mean episode rew_feet_rotation: 0.0000
        Mean episode rew_foot_slip: -0.2476
    Mean episode rew_knee_distance: 0.1647
        Mean episode rew_low_speed: 0.0607
      Mean episode rew_orientation: 0.0977
    Mean episode rew_ref_joint_pos: 0.0582
      Mean episode rew_stand_still: 0.0099
    Mean episode rew_stride_length: 0.2079
        Mean episode rew_toe_scuff: -0.0013
          Mean episode rew_torques: -0.0000
   Mean episode rew_track_vel_hard: 0.0435
 Mean episode rew_tracking_ang_vel: 0.6189
 Mean episode rew_tracking_lin_vel: 1.0835
 Mean episode rew_vel_mismatch_exp: 0.1321
        Mean episode terrain_level: 4.2685
        Mean episode max_command_x: 0.8000
--------------------------------------------------------------------------------
                   Total timesteps: 187662336
                    Iteration time: 1.43s
                        Total time: 2863.80s
                               ETA: 138.0s

################################################################################
                     [1m Learning iteration 1909/2000 [0m                     

                       Computation: 70640 steps/s (collection: 1.160s, learning 0.232s)
               Value function loss: 0.0206
                    Surrogate loss: 0.0011
              State estimator loss: 0.0225
             Mean action noise std: 3.30
                       Mean reward: 63.43
               Mean episode length: 2096.14
Mean episode rew_action_smoothness: -0.6622
     Mean episode rew_ankle_motion: -0.0218
    Mean episode rew_ankle_torques: -3.9346
         Mean episode rew_base_acc: 0.0782
      Mean episode rew_base_height: 0.0065
        Mean episode rew_collision: -0.0001
Mean episode rew_default_joint_pos: -0.0013
          Mean episode rew_dof_acc: -0.0734
   Mean episode rew_dof_pos_limits: -0.1990
Mean episode rew_dof_torque_limits: -0.0260
          Mean episode rew_dof_vel: -0.0000
   Mean episode rew_dof_vel_limits: -0.1297
    Mean episode rew_feet_air_time: 0.0454
   Mean episode rew_feet_clearance: 1.4046
Mean episode rew_feet_contact_forces: -0.3654
Mean episode rew_feet_contact_number: 0.5205
    Mean episode rew_feet_distance: 0.1778
    Mean episode rew_feet_rotation: 0.0000
        Mean episode rew_foot_slip: -0.2732
    Mean episode rew_knee_distance: 0.1716
        Mean episode rew_low_speed: 0.0749
      Mean episode rew_orientation: 0.0923
    Mean episode rew_ref_joint_pos: 0.0602
      Mean episode rew_stand_still: 0.0100
    Mean episode rew_stride_length: 0.2173
        Mean episode rew_toe_scuff: -0.0013
          Mean episode rew_torques: -0.0000
   Mean episode rew_track_vel_hard: 0.0449
 Mean episode rew_tracking_ang_vel: 0.6449
 Mean episode rew_tracking_lin_vel: 1.1143
 Mean episode rew_vel_mismatch_exp: 0.1388
        Mean episode terrain_level: 4.2711
        Mean episode max_command_x: 0.8000
--------------------------------------------------------------------------------
                   Total timesteps: 187760640
                    Iteration time: 1.39s
                        Total time: 2865.19s
                               ETA: 136.5s

[SDK][INFO] 2026-07-24 16:18:59 PT file (model_1900.pt) uploaded successfully################################################################################
                     [1m Learning iteration 1910/2000 [0m                     

                       Computation: 70536 steps/s (collection: 1.162s, learning 0.231s)
               Value function loss: 0.0276
                    Surrogate loss: -0.0052
              State estimator loss: 0.0223
             Mean action noise std: 3.30
                       Mean reward: 66.75
               Mean episode length: 2178.47
Mean episode rew_action_smoothness: -0.6587
     Mean episode rew_ankle_motion: -0.0213
    Mean episode rew_ankle_torques: -3.8810
         Mean episode rew_base_acc: 0.0793
      Mean episode rew_base_height: 0.0075
        Mean episode rew_collision: -0.0000
Mean episode rew_default_joint_pos: -0.0013
          Mean episode rew_dof_acc: -0.0696
   Mean episode rew_dof_pos_limits: -0.1486
Mean episode rew_dof_torque_limits: -0.0295
          Mean episode rew_dof_vel: -0.0000
   Mean episode rew_dof_vel_limits: -0.1317
    Mean episode rew_feet_air_time: 0.0465
   Mean episode rew_feet_clearance: 1.3823
Mean episode rew_feet_contact_forces: -0.3752
Mean episode rew_feet_contact_number: 0.5221
    Mean episode rew_feet_distance: 0.1800
    Mean episode rew_feet_rotation: 0.0000
        Mean episode rew_foot_slip: -0.2645
    Mean episode rew_knee_distance: 0.1752
        Mean episode rew_low_speed: 0.0802
      Mean episode rew_orientation: 0.0943
    Mean episode rew_ref_joint_pos: 0.0620
      Mean episode rew_stand_still: 0.0092
    Mean episode rew_stride_length: 0.2175
        Mean episode rew_toe_scuff: -0.0013
          Mean episode rew_torques: -0.0000
   Mean episode rew_track_vel_hard: 0.0519
 Mean episode rew_tracking_ang_vel: 0.6599
 Mean episode rew_tracking_lin_vel: 1.1571
 Mean episode rew_vel_mismatch_exp: 0.1407
        Mean episode terrain_level: 4.2735
        Mean episode max_command_x: 0.8000
--------------------------------------------------------------------------------
                   Total timesteps: 187858944
                    Iteration time: 1.39s
                        Total time: 2866.59s
                               ETA: 135.0s

################################################################################
                     [1m Learning iteration 1911/2000 [0m                     

                       Computation: 70558 steps/s (collection: 1.161s, learning 0.232s)
               Value function loss: 0.0202
                    Surrogate loss: -0.0049
              State estimator loss: 0.0223
             Mean action noise std: 3.30
                       Mean reward: 67.47
               Mean episode length: 2160.33
Mean episode rew_action_smoothness: -0.6828
     Mean episode rew_ankle_motion: -0.0224
    Mean episode rew_ankle_torques: -4.3241
         Mean episode rew_base_acc: 0.0834
      Mean episode rew_base_height: 0.0071
        Mean episode rew_collision: -0.0000
Mean episode rew_default_joint_pos: -0.0013
          Mean episode rew_dof_acc: -0.0734
   Mean episode rew_dof_pos_limits: -0.1722
Mean episode rew_dof_torque_limits: -0.0281
          Mean episode rew_dof_vel: -0.0000
   Mean episode rew_dof_vel_limits: -0.1292
    Mean episode rew_feet_air_time: 0.0475
   Mean episode rew_feet_clearance: 1.4527
Mean episode rew_feet_contact_forces: -0.3873
Mean episode rew_feet_contact_number: 0.5367
    Mean episode rew_feet_distance: 0.1862
    Mean episode rew_feet_rotation: 0.0000
        Mean episode rew_foot_slip: -0.2809
    Mean episode rew_knee_distance: 0.1787
        Mean episode rew_low_speed: 0.0799
      Mean episode rew_orientation: 0.0898
    Mean episode rew_ref_joint_pos: 0.0627
      Mean episode rew_stand_still: 0.0101
    Mean episode rew_stride_length: 0.2236
        Mean episode rew_toe_scuff: -0.0016
          Mean episode rew_torques: -0.0000
   Mean episode rew_track_vel_hard: 0.0519
 Mean episode rew_tracking_ang_vel: 0.6778
 Mean episode rew_tracking_lin_vel: 1.1811
 Mean episode rew_vel_mismatch_exp: 0.1445
        Mean episode terrain_level: 4.2761
        Mean episode max_command_x: 0.8000
--------------------------------------------------------------------------------
                   Total timesteps: 187957248
                    Iteration time: 1.39s
                        Total time: 2867.98s
                               ETA: 133.5s

################################################################################
                     [1m Learning iteration 1912/2000 [0m                     

                       Computation: 69673 steps/s (collection: 1.179s, learning 0.232s)
               Value function loss: 0.0225
                    Surrogate loss: -0.0064
              State estimator loss: 0.0225
             Mean action noise std: 3.31
                       Mean reward: 66.54
               Mean episode length: 2138.37
Mean episode rew_action_smoothness: -0.5903
     Mean episode rew_ankle_motion: -0.0202
    Mean episode rew_ankle_torques: -3.9321
         Mean episode rew_base_acc: 0.0761
      Mean episode rew_base_height: 0.0082
        Mean episode rew_collision: -0.0000
Mean episode rew_default_joint_pos: -0.0013
          Mean episode rew_dof_acc: -0.0657
   Mean episode rew_dof_pos_limits: -0.1832
Mean episode rew_dof_torque_limits: -0.0271
          Mean episode rew_dof_vel: -0.0000
   Mean episode rew_dof_vel_limits: -0.1222
    Mean episode rew_feet_air_time: 0.0438
   Mean episode rew_feet_clearance: 1.2938
Mean episode rew_feet_contact_forces: -0.3540
Mean episode rew_feet_contact_number: 0.4978
    Mean episode rew_feet_distance: 0.1677
    Mean episode rew_feet_rotation: 0.0000
        Mean episode rew_foot_slip: -0.2474
    Mean episode rew_knee_distance: 0.1633
        Mean episode rew_low_speed: 0.0572
      Mean episode rew_orientation: 0.0938
    Mean episode rew_ref_joint_pos: 0.0561
      Mean episode rew_stand_still: 0.0090
    Mean episode rew_stride_length: 0.2041
        Mean episode rew_toe_scuff: -0.0015
          Mean episode rew_torques: -0.0000
   Mean episode rew_track_vel_hard: 0.0423
 Mean episode rew_tracking_ang_vel: 0.6095
 Mean episode rew_tracking_lin_vel: 1.0565
 Mean episode rew_vel_mismatch_exp: 0.1335
        Mean episode terrain_level: 4.2783
        Mean episode max_command_x: 0.8000
--------------------------------------------------------------------------------
                   Total timesteps: 188055552
                    Iteration time: 1.41s
                        Total time: 2869.39s
                               ETA: 132.0s

################################################################################
                     [1m Learning iteration 1913/2000 [0m                     

                       Computation: 68845 steps/s (collection: 1.194s, learning 0.234s)
               Value function loss: 0.0217
                    Surrogate loss: -0.0049
              State estimator loss: 0.0224
             Mean action noise std: 3.31
                       Mean reward: 64.95
               Mean episode length: 2091.93
Mean episode rew_action_smoothness: -0.6056
     Mean episode rew_ankle_motion: -0.0202
    Mean episode rew_ankle_torques: -4.0136
         Mean episode rew_base_acc: 0.0758
      Mean episode rew_base_height: 0.0073
        Mean episode rew_collision: -0.0001
Mean episode rew_default_joint_pos: -0.0012
          Mean episode rew_dof_acc: -0.0653
   Mean episode rew_dof_pos_limits: -0.1760
Mean episode rew_dof_torque_limits: -0.0257
          Mean episode rew_dof_vel: -0.0000
   Mean episode rew_dof_vel_limits: -0.1159
    Mean episode rew_feet_air_time: 0.0434
   Mean episode rew_feet_clearance: 1.3315
Mean episode rew_feet_contact_forces: -0.3460
Mean episode rew_feet_contact_number: 0.4939
    Mean episode rew_feet_distance: 0.1681
    Mean episode rew_feet_rotation: 0.0000
        Mean episode rew_foot_slip: -0.2519
    Mean episode rew_knee_distance: 0.1645
        Mean episode rew_low_speed: 0.0624
      Mean episode rew_orientation: 0.0940
    Mean episode rew_ref_joint_pos: 0.0574
      Mean episode rew_stand_still: 0.0089
    Mean episode rew_stride_length: 0.2022
        Mean episode rew_toe_scuff: -0.0013
          Mean episode rew_torques: -0.0000
   Mean episode rew_track_vel_hard: 0.0464
 Mean episode rew_tracking_ang_vel: 0.6193
 Mean episode rew_tracking_lin_vel: 1.0710
 Mean episode rew_vel_mismatch_exp: 0.1329
        Mean episode terrain_level: 4.2795
        Mean episode max_command_x: 0.8000
--------------------------------------------------------------------------------
                   Total timesteps: 188153856
                    Iteration time: 1.43s
                        Total time: 2870.82s
                               ETA: 130.5s

################################################################################
                     [1m Learning iteration 1914/2000 [0m                     

                       Computation: 70119 steps/s (collection: 1.170s, learning 0.232s)
               Value function loss: 0.0272
                    Surrogate loss: -0.0026
              State estimator loss: 0.0230
             Mean action noise std: 3.31
                       Mean reward: 62.69
               Mean episode length: 2027.41
Mean episode rew_action_smoothness: -0.6029
     Mean episode rew_ankle_motion: -0.0202
    Mean episode rew_ankle_torques: -4.0035
         Mean episode rew_base_acc: 0.0759
      Mean episode rew_base_height: 0.0068
        Mean episode rew_collision: -0.0001
Mean episode rew_default_joint_pos: -0.0013
          Mean episode rew_dof_acc: -0.0629
   Mean episode rew_dof_pos_limits: -0.1662
Mean episode rew_dof_torque_limits: -0.0250
          Mean episode rew_dof_vel: -0.0000
   Mean episode rew_dof_vel_limits: -0.1101
    Mean episode rew_feet_air_time: 0.0435
   Mean episode rew_feet_clearance: 1.2933
Mean episode rew_feet_contact_forces: -0.3309
Mean episode rew_feet_contact_number: 0.5011
    Mean episode rew_feet_distance: 0.1679
    Mean episode rew_feet_rotation: 0.0000
        Mean episode rew_foot_slip: -0.2527
    Mean episode rew_knee_distance: 0.1633
        Mean episode rew_low_speed: 0.0700
      Mean episode rew_orientation: 0.0861
    Mean episode rew_ref_joint_pos: 0.0570
      Mean episode rew_stand_still: 0.0088
    Mean episode rew_stride_length: 0.2040
        Mean episode rew_toe_scuff: -0.0014
          Mean episode rew_torques: -0.0000
   Mean episode rew_track_vel_hard: 0.0461
 Mean episode rew_tracking_ang_vel: 0.6116
 Mean episode rew_tracking_lin_vel: 1.0697
 Mean episode rew_vel_mismatch_exp: 0.1342
        Mean episode terrain_level: 4.2820
        Mean episode max_command_x: 0.8000
--------------------------------------------------------------------------------
                   Total timesteps: 188252160
                    Iteration time: 1.40s
                        Total time: 2872.22s
                               ETA: 129.0s

################################################################################
                     [1m Learning iteration 1915/2000 [0m                     

                       Computation: 69936 steps/s (collection: 1.174s, learning 0.232s)
               Value function loss: 0.0233
                    Surrogate loss: -0.0046
              State estimator loss: 0.0227
             Mean action noise std: 3.31
                       Mean reward: 63.07
               Mean episode length: 2057.54
Mean episode rew_action_smoothness: -0.6183
     Mean episode rew_ankle_motion: -0.0201
    Mean episode rew_ankle_torques: -3.8538
         Mean episode rew_base_acc: 0.0729
      Mean episode rew_base_height: 0.0069
        Mean episode rew_collision: -0.0001
Mean episode rew_default_joint_pos: -0.0012
          Mean episode rew_dof_acc: -0.0654
   Mean episode rew_dof_pos_limits: -0.1790
Mean episode rew_dof_torque_limits: -0.0291
          Mean episode rew_dof_vel: -0.0000
   Mean episode rew_dof_vel_limits: -0.1259
    Mean episode rew_feet_air_time: 0.0429
   Mean episode rew_feet_clearance: 1.2853
Mean episode rew_feet_contact_forces: -0.3480
Mean episode rew_feet_contact_number: 0.4783
    Mean episode rew_feet_distance: 0.1682
    Mean episode rew_feet_rotation: 0.0000
        Mean episode rew_foot_slip: -0.2548
    Mean episode rew_knee_distance: 0.1605
        Mean episode rew_low_speed: 0.0706
      Mean episode rew_orientation: 0.0921
    Mean episode rew_ref_joint_pos: 0.0568
      Mean episode rew_stand_still: 0.0096
    Mean episode rew_stride_length: 0.2031
        Mean episode rew_toe_scuff: -0.0015
          Mean episode rew_torques: -0.0000
   Mean episode rew_track_vel_hard: 0.0429
 Mean episode rew_tracking_ang_vel: 0.6022
 Mean episode rew_tracking_lin_vel: 1.0514
 Mean episode rew_vel_mismatch_exp: 0.1250
        Mean episode terrain_level: 4.2850
        Mean episode max_command_x: 0.8000
--------------------------------------------------------------------------------
                   Total timesteps: 188350464
                    Iteration time: 1.41s
                        Total time: 2873.62s
                               ETA: 127.5s

################################################################################
                     [1m Learning iteration 1916/2000 [0m                     

                       Computation: 71121 steps/s (collection: 1.149s, learning 0.233s)
               Value function loss: 0.1556
                    Surrogate loss: -0.0025
              State estimator loss: 0.0588
             Mean action noise std: 3.31
                       Mean reward: 61.58
               Mean episode length: 2028.14
Mean episode rew_action_smoothness: -0.6406
     Mean episode rew_ankle_motion: -0.0208
    Mean episode rew_ankle_torques: -3.9797
         Mean episode rew_base_acc: 0.0785
      Mean episode rew_base_height: 0.0054
        Mean episode rew_collision: -0.0001
Mean episode rew_default_joint_pos: -0.0012
          Mean episode rew_dof_acc: -0.0663
   Mean episode rew_dof_pos_limits: -0.1608
Mean episode rew_dof_torque_limits: -0.0288
          Mean episode rew_dof_vel: -0.0000
   Mean episode rew_dof_vel_limits: -0.1121
    Mean episode rew_feet_air_time: 0.0439
   Mean episode rew_feet_clearance: 1.2673
Mean episode rew_feet_contact_forces: -0.3559
Mean episode rew_feet_contact_number: 0.5094
    Mean episode rew_feet_distance: 0.1752
    Mean episode rew_feet_rotation: 0.0000
        Mean episode rew_foot_slip: -0.2678
    Mean episode rew_knee_distance: 0.1696
        Mean episode rew_low_speed: 0.0757
      Mean episode rew_orientation: 0.0839
    Mean episode rew_ref_joint_pos: 0.0581
      Mean episode rew_stand_still: 0.0097
    Mean episode rew_stride_length: 0.2102
        Mean episode rew_toe_scuff: -0.0015
          Mean episode rew_torques: -0.0000
   Mean episode rew_track_vel_hard: 0.0460
 Mean episode rew_tracking_ang_vel: 0.6316
 Mean episode rew_tracking_lin_vel: 1.1042
 Mean episode rew_vel_mismatch_exp: 0.1370
        Mean episode terrain_level: 4.2885
        Mean episode max_command_x: 0.8000
--------------------------------------------------------------------------------
                   Total timesteps: 188448768
                    Iteration time: 1.38s
                        Total time: 2875.01s
                               ETA: 126.0s

################################################################################
                     [1m Learning iteration 1917/2000 [0m                     

                       Computation: 69437 steps/s (collection: 1.184s, learning 0.232s)
               Value function loss: 0.0411
                    Surrogate loss: -0.0032
              State estimator loss: 0.0584
             Mean action noise std: 3.31
                       Mean reward: 66.16
               Mean episode length: 2151.60
Mean episode rew_action_smoothness: -0.6007
     Mean episode rew_ankle_motion: -0.0201
    Mean episode rew_ankle_torques: -3.7133
         Mean episode rew_base_acc: 0.0753
      Mean episode rew_base_height: 0.0064
        Mean episode rew_collision: -0.0001
Mean episode rew_default_joint_pos: -0.0012
          Mean episode rew_dof_acc: -0.0627
   Mean episode rew_dof_pos_limits: -0.1782
Mean episode rew_dof_torque_limits: -0.0255
          Mean episode rew_dof_vel: -0.0000
   Mean episode rew_dof_vel_limits: -0.1096
    Mean episode rew_feet_air_time: 0.0434
   Mean episode rew_feet_clearance: 1.3199
Mean episode rew_feet_contact_forces: -0.3474
Mean episode rew_feet_contact_number: 0.4957
    Mean episode rew_feet_distance: 0.1677
    Mean episode rew_feet_rotation: 0.0000
        Mean episode rew_foot_slip: -0.2459
    Mean episode rew_knee_distance: 0.1631
        Mean episode rew_low_speed: 0.0642
      Mean episode rew_orientation: 0.0849
    Mean episode rew_ref_joint_pos: 0.0548
      Mean episode rew_stand_still: 0.0088
    Mean episode rew_stride_length: 0.2027
        Mean episode rew_toe_scuff: -0.0012
          Mean episode rew_torques: -0.0000
   Mean episode rew_track_vel_hard: 0.0424
 Mean episode rew_tracking_ang_vel: 0.6099
 Mean episode rew_tracking_lin_vel: 1.0583
 Mean episode rew_vel_mismatch_exp: 0.1323
        Mean episode terrain_level: 4.2907
        Mean episode max_command_x: 0.8000
--------------------------------------------------------------------------------
                   Total timesteps: 188547072
                    Iteration time: 1.42s
                        Total time: 2876.42s
                               ETA: 124.5s

################################################################################
                     [1m Learning iteration 1918/2000 [0m                     

                       Computation: 69296 steps/s (collection: 1.187s, learning 0.232s)
               Value function loss: 0.0292
                    Surrogate loss: -0.0028
              State estimator loss: 0.0347
             Mean action noise std: 3.32
                       Mean reward: 66.77
               Mean episode length: 2143.40
Mean episode rew_action_smoothness: -0.6411
     Mean episode rew_ankle_motion: -0.0213
    Mean episode rew_ankle_torques: -3.9256
         Mean episode rew_base_acc: 0.0790
      Mean episode rew_base_height: 0.0068
        Mean episode rew_collision: -0.0000
Mean episode rew_default_joint_pos: -0.0013
          Mean episode rew_dof_acc: -0.0670
   Mean episode rew_dof_pos_limits: -0.1951
Mean episode rew_dof_torque_limits: -0.0261
          Mean episode rew_dof_vel: -0.0000
   Mean episode rew_dof_vel_limits: -0.1208
    Mean episode rew_feet_air_time: 0.0454
   Mean episode rew_feet_clearance: 1.4166
Mean episode rew_feet_contact_forces: -0.3640
Mean episode rew_feet_contact_number: 0.5257
    Mean episode rew_feet_distance: 0.1768
    Mean episode rew_feet_rotation: 0.0000
        Mean episode rew_foot_slip: -0.2618
    Mean episode rew_knee_distance: 0.1718
        Mean episode rew_low_speed: 0.0690
      Mean episode rew_orientation: 0.0901
    Mean episode rew_ref_joint_pos: 0.0589
      Mean episode rew_stand_still: 0.0092
    Mean episode rew_stride_length: 0.2147
        Mean episode rew_toe_scuff: -0.0011
          Mean episode rew_torques: -0.0000
   Mean episode rew_track_vel_hard: 0.0465
 Mean episode rew_tracking_ang_vel: 0.6414
 Mean episode rew_tracking_lin_vel: 1.1166
 Mean episode rew_vel_mismatch_exp: 0.1394
        Mean episode terrain_level: 4.2927
        Mean episode max_command_x: 0.8000
--------------------------------------------------------------------------------
                   Total timesteps: 188645376
                    Iteration time: 1.42s
                        Total time: 2877.84s
                               ETA: 123.0s

################################################################################
                     [1m Learning iteration 1919/2000 [0m                     

                       Computation: 71753 steps/s (collection: 1.138s, learning 0.232s)
               Value function loss: 0.0268
                    Surrogate loss: -0.0062
              State estimator loss: 0.0294
             Mean action noise std: 3.32
                       Mean reward: 64.27
               Mean episode length: 2070.99
Mean episode rew_action_smoothness: -0.6203
     Mean episode rew_ankle_motion: -0.0209
    Mean episode rew_ankle_torques: -3.6424
         Mean episode rew_base_acc: 0.0766
      Mean episode rew_base_height: 0.0061
        Mean episode rew_collision: -0.0001
Mean episode rew_default_joint_pos: -0.0012
          Mean episode rew_dof_acc: -0.0639
   Mean episode rew_dof_pos_limits: -0.1840
Mean episode rew_dof_torque_limits: -0.0252
          Mean episode rew_dof_vel: -0.0000
   Mean episode rew_dof_vel_limits: -0.1111
    Mean episode rew_feet_air_time: 0.0431
   Mean episode rew_feet_clearance: 1.3318
Mean episode rew_feet_contact_forces: -0.3676
Mean episode rew_feet_contact_number: 0.5053
    Mean episode rew_feet_distance: 0.1700
    Mean episode rew_feet_rotation: 0.0000
        Mean episode rew_foot_slip: -0.2560
    Mean episode rew_knee_distance: 0.1638
        Mean episode rew_low_speed: 0.0709
      Mean episode rew_orientation: 0.0827
    Mean episode rew_ref_joint_pos: 0.0591
      Mean episode rew_stand_still: 0.0095
    Mean episode rew_stride_length: 0.2042
        Mean episode rew_toe_scuff: -0.0012
          Mean episode rew_torques: -0.0000
   Mean episode rew_track_vel_hard: 0.0474
 Mean episode rew_tracking_ang_vel: 0.6224
 Mean episode rew_tracking_lin_vel: 1.0786
 Mean episode rew_vel_mismatch_exp: 0.1348
        Mean episode terrain_level: 4.2932
        Mean episode max_command_x: 0.8000
--------------------------------------------------------------------------------
                   Total timesteps: 188743680
                    Iteration time: 1.37s
                        Total time: 2879.21s
                               ETA: 121.5s

################################################################################
                     [1m Learning iteration 1920/2000 [0m                     

                       Computation: 68322 steps/s (collection: 1.206s, learning 0.233s)
               Value function loss: 0.0213
                    Surrogate loss: -0.0048
              State estimator loss: 0.0278
             Mean action noise std: 3.32
                       Mean reward: 56.64
               Mean episode length: 1850.81
Mean episode rew_action_smoothness: -0.5459
     Mean episode rew_ankle_motion: -0.0182
    Mean episode rew_ankle_torques: -3.5206
         Mean episode rew_base_acc: 0.0694
      Mean episode rew_base_height: 0.0054
        Mean episode rew_collision: -0.0001
Mean episode rew_default_joint_pos: -0.0011
          Mean episode rew_dof_acc: -0.0504
   Mean episode rew_dof_pos_limits: -0.1564
Mean episode rew_dof_torque_limits: -0.0205
          Mean episode rew_dof_vel: -0.0000
   Mean episode rew_dof_vel_limits: -0.0908
    Mean episode rew_feet_air_time: 0.0395
   Mean episode rew_feet_clearance: 1.1896
Mean episode rew_feet_contact_forces: -0.3062
Mean episode rew_feet_contact_number: 0.4453
    Mean episode rew_feet_distance: 0.1524
    Mean episode rew_feet_rotation: 0.0000
        Mean episode rew_foot_slip: -0.2229
    Mean episode rew_knee_distance: 0.1478
        Mean episode rew_low_speed: 0.0606
      Mean episode rew_orientation: 0.0788
    Mean episode rew_ref_joint_pos: 0.0488
      Mean episode rew_stand_still: 0.0072
    Mean episode rew_stride_length: 0.1863
        Mean episode rew_toe_scuff: -0.0012
          Mean episode rew_torques: -0.0000
   Mean episode rew_track_vel_hard: 0.0405
 Mean episode rew_tracking_ang_vel: 0.5597
 Mean episode rew_tracking_lin_vel: 0.9717
 Mean episode rew_vel_mismatch_exp: 0.1208
        Mean episode terrain_level: 4.2947
        Mean episode max_command_x: 0.8000
--------------------------------------------------------------------------------
                   Total timesteps: 188841984
                    Iteration time: 1.44s
                        Total time: 2880.65s
                               ETA: 120.0s

################################################################################
                     [1m Learning iteration 1921/2000 [0m                     

                       Computation: 68297 steps/s (collection: 1.207s, learning 0.232s)
               Value function loss: 0.0225
                    Surrogate loss: -0.0049
              State estimator loss: 0.0274
             Mean action noise std: 3.32
                       Mean reward: 44.77
               Mean episode length: 1523.52
Mean episode rew_action_smoothness: -0.4528
     Mean episode rew_ankle_motion: -0.0151
    Mean episode rew_ankle_torques: -2.8953
         Mean episode rew_base_acc: 0.0571
      Mean episode rew_base_height: 0.0043
        Mean episode rew_collision: -0.0002
Mean episode rew_default_joint_pos: -0.0009
          Mean episode rew_dof_acc: -0.0420
   Mean episode rew_dof_pos_limits: -0.1674
Mean episode rew_dof_torque_limits: -0.0159
          Mean episode rew_dof_vel: -0.0000
   Mean episode rew_dof_vel_limits: -0.0716
    Mean episode rew_feet_air_time: 0.0318
   Mean episode rew_feet_clearance: 0.9165
Mean episode rew_feet_contact_forces: -0.2508
Mean episode rew_feet_contact_number: 0.3713
    Mean episode rew_feet_distance: 0.1238
    Mean episode rew_feet_rotation: 0.0000
        Mean episode rew_foot_slip: -0.1931
    Mean episode rew_knee_distance: 0.1216
        Mean episode rew_low_speed: 0.0474
      Mean episode rew_orientation: 0.0667
    Mean episode rew_ref_joint_pos: 0.0397
      Mean episode rew_stand_still: 0.0060
    Mean episode rew_stride_length: 0.1528
        Mean episode rew_toe_scuff: -0.0012
          Mean episode rew_torques: -0.0000
   Mean episode rew_track_vel_hard: 0.0316
 Mean episode rew_tracking_ang_vel: 0.4628
 Mean episode rew_tracking_lin_vel: 0.7779
 Mean episode rew_vel_mismatch_exp: 0.0986
        Mean episode terrain_level: 4.2931
        Mean episode max_command_x: 0.8000
--------------------------------------------------------------------------------
                   Total timesteps: 188940288
                    Iteration time: 1.44s
                        Total time: 2882.09s
                               ETA: 118.5s

################################################################################
                     [1m Learning iteration 1922/2000 [0m                     

                       Computation: 67127 steps/s (collection: 1.232s, learning 0.232s)
               Value function loss: 0.0197
                    Surrogate loss: -0.0052
              State estimator loss: 0.0277
             Mean action noise std: 3.32
                       Mean reward: 42.77
               Mean episode length: 1458.58
Mean episode rew_action_smoothness: -0.4107
     Mean episode rew_ankle_motion: -0.0135
    Mean episode rew_ankle_torques: -2.5855
         Mean episode rew_base_acc: 0.0513
      Mean episode rew_base_height: 0.0040
        Mean episode rew_collision: -0.0002
Mean episode rew_default_joint_pos: -0.0008
          Mean episode rew_dof_acc: -0.0395
   Mean episode rew_dof_pos_limits: -0.1504
Mean episode rew_dof_torque_limits: -0.0212
          Mean episode rew_dof_vel: -0.0000
   Mean episode rew_dof_vel_limits: -0.0707
    Mean episode rew_feet_air_time: 0.0293
   Mean episode rew_feet_clearance: 0.8630
Mean episode rew_feet_contact_forces: -0.2458
Mean episode rew_feet_contact_number: 0.3275
    Mean episode rew_feet_distance: 0.1134
    Mean episode rew_feet_rotation: 0.0000
        Mean episode rew_foot_slip: -0.1748
    Mean episode rew_knee_distance: 0.1094
        Mean episode rew_low_speed: 0.0380
      Mean episode rew_orientation: 0.0577
    Mean episode rew_ref_joint_pos: 0.0342
      Mean episode rew_stand_still: 0.0054
    Mean episode rew_stride_length: 0.1386
        Mean episode rew_toe_scuff: -0.0011
          Mean episode rew_torques: -0.0000
   Mean episode rew_track_vel_hard: 0.0242
 Mean episode rew_tracking_ang_vel: 0.4071
 Mean episode rew_tracking_lin_vel: 0.6939
 Mean episode rew_vel_mismatch_exp: 0.0862
        Mean episode terrain_level: 4.2901
        Mean episode max_command_x: 0.8000
--------------------------------------------------------------------------------
                   Total timesteps: 189038592
                    Iteration time: 1.46s
                        Total time: 2883.55s
                               ETA: 117.0s

################################################################################
                     [1m Learning iteration 1923/2000 [0m                     

                       Computation: 67610 steps/s (collection: 1.221s, learning 0.233s)
               Value function loss: 0.0204
                    Surrogate loss: -0.0031
              State estimator loss: 0.0260
             Mean action noise std: 3.32
                       Mean reward: 46.34
               Mean episode length: 1558.17
Mean episode rew_action_smoothness: -0.4633
     Mean episode rew_ankle_motion: -0.0155
    Mean episode rew_ankle_torques: -2.8855
         Mean episode rew_base_acc: 0.0591
      Mean episode rew_base_height: 0.0044
        Mean episode rew_collision: -0.0001
Mean episode rew_default_joint_pos: -0.0009
          Mean episode rew_dof_acc: -0.0436
   Mean episode rew_dof_pos_limits: -0.1540
Mean episode rew_dof_torque_limits: -0.0211
          Mean episode rew_dof_vel: -0.0000
   Mean episode rew_dof_vel_limits: -0.0787
    Mean episode rew_feet_air_time: 0.0329
   Mean episode rew_feet_clearance: 1.0261
Mean episode rew_feet_contact_forces: -0.2596
Mean episode rew_feet_contact_number: 0.3751
    Mean episode rew_feet_distance: 0.1289
    Mean episode rew_feet_rotation: 0.0000
        Mean episode rew_foot_slip: -0.1951
    Mean episode rew_knee_distance: 0.1250
        Mean episode rew_low_speed: 0.0425
      Mean episode rew_orientation: 0.0651
    Mean episode rew_ref_joint_pos: 0.0419
      Mean episode rew_stand_still: 0.0072
    Mean episode rew_stride_length: 0.1581
        Mean episode rew_toe_scuff: -0.0009
          Mean episode rew_torques: -0.0000
   Mean episode rew_track_vel_hard: 0.0274
 Mean episode rew_tracking_ang_vel: 0.4590
 Mean episode rew_tracking_lin_vel: 0.7867
 Mean episode rew_vel_mismatch_exp: 0.1005
        Mean episode terrain_level: 4.2875
        Mean episode max_command_x: 0.8000
--------------------------------------------------------------------------------
                   Total timesteps: 189136896
                    Iteration time: 1.45s
                        Total time: 2885.01s
                               ETA: 115.5s

################################################################################
                     [1m Learning iteration 1924/2000 [0m                     

                       Computation: 68610 steps/s (collection: 1.200s, learning 0.232s)
               Value function loss: 0.0197
                    Surrogate loss: -0.0062
              State estimator loss: 0.0246
             Mean action noise std: 3.32
                       Mean reward: 49.32
               Mean episode length: 1654.94
Mean episode rew_action_smoothness: -0.5116
     Mean episode rew_ankle_motion: -0.0171
    Mean episode rew_ankle_torques: -3.1348
         Mean episode rew_base_acc: 0.0641
      Mean episode rew_base_height: 0.0051
        Mean episode rew_collision: -0.0002
Mean episode rew_default_joint_pos: -0.0010
          Mean episode rew_dof_acc: -0.0480
   Mean episode rew_dof_pos_limits: -0.1853
Mean episode rew_dof_torque_limits: -0.0204
          Mean episode rew_dof_vel: -0.0000
   Mean episode rew_dof_vel_limits: -0.0876
    Mean episode rew_feet_air_time: 0.0366
   Mean episode rew_feet_clearance: 1.1242
Mean episode rew_feet_contact_forces: -0.2749
Mean episode rew_feet_contact_number: 0.4210
    Mean episode rew_feet_distance: 0.1424
    Mean episode rew_feet_rotation: 0.0000
        Mean episode rew_foot_slip: -0.2174
    Mean episode rew_knee_distance: 0.1382
        Mean episode rew_low_speed: 0.0507
      Mean episode rew_orientation: 0.0712
    Mean episode rew_ref_joint_pos: 0.0473
      Mean episode rew_stand_still: 0.0069
    Mean episode rew_stride_length: 0.1742
        Mean episode rew_toe_scuff: -0.0010
          Mean episode rew_torques: -0.0000
   Mean episode rew_track_vel_hard: 0.0341
 Mean episode rew_tracking_ang_vel: 0.5202
 Mean episode rew_tracking_lin_vel: 0.8809
 Mean episode rew_vel_mismatch_exp: 0.1114
        Mean episode terrain_level: 4.2867
        Mean episode max_command_x: 0.8000
--------------------------------------------------------------------------------
                   Total timesteps: 189235200
                    Iteration time: 1.43s
                        Total time: 2886.44s
                               ETA: 114.0s

################################################################################
                     [1m Learning iteration 1925/2000 [0m                     

                       Computation: 71078 steps/s (collection: 1.151s, learning 0.232s)
               Value function loss: 0.0178
                    Surrogate loss: -0.0054
              State estimator loss: 0.0241
             Mean action noise std: 3.33
                       Mean reward: 53.91
               Mean episode length: 1834.97
Mean episode rew_action_smoothness: -0.5992
     Mean episode rew_ankle_motion: -0.0191
    Mean episode rew_ankle_torques: -3.6897
         Mean episode rew_base_acc: 0.0717
      Mean episode rew_base_height: 0.0043
        Mean episode rew_collision: -0.0001
Mean episode rew_default_joint_pos: -0.0012
          Mean episode rew_dof_acc: -0.0520
   Mean episode rew_dof_pos_limits: -0.1833
Mean episode rew_dof_torque_limits: -0.0243
          Mean episode rew_dof_vel: -0.0000
   Mean episode rew_dof_vel_limits: -0.0920
    Mean episode rew_feet_air_time: 0.0400
   Mean episode rew_feet_clearance: 1.0897
Mean episode rew_feet_contact_forces: -0.3309
Mean episode rew_feet_contact_number: 0.4585
    Mean episode rew_feet_distance: 0.1600
    Mean episode rew_feet_rotation: 0.0000
        Mean episode rew_foot_slip: -0.2487
    Mean episode rew_knee_distance: 0.1543
        Mean episode rew_low_speed: 0.0588
      Mean episode rew_orientation: 0.0778
    Mean episode rew_ref_joint_pos: 0.0528
      Mean episode rew_stand_still: 0.0089
    Mean episode rew_stride_length: 0.1948
        Mean episode rew_toe_scuff: -0.0022
          Mean episode rew_torques: -0.0000
   Mean episode rew_track_vel_hard: 0.0407
 Mean episode rew_tracking_ang_vel: 0.5836
 Mean episode rew_tracking_lin_vel: 0.9954
 Mean episode rew_vel_mismatch_exp: 0.1235
        Mean episode terrain_level: 4.2883
        Mean episode max_command_x: 0.8000
--------------------------------------------------------------------------------
                   Total timesteps: 189333504
                    Iteration time: 1.38s
                        Total time: 2887.82s
                               ETA: 112.5s

################################################################################
                     [1m Learning iteration 1926/2000 [0m                     

                       Computation: 70711 steps/s (collection: 1.159s, learning 0.231s)
               Value function loss: 0.0201
                    Surrogate loss: -0.0017
              State estimator loss: 0.0238
             Mean action noise std: 3.33
                       Mean reward: 55.83
               Mean episode length: 1898.29
Mean episode rew_action_smoothness: -0.5185
     Mean episode rew_ankle_motion: -0.0176
    Mean episode rew_ankle_torques: -3.4273
         Mean episode rew_base_acc: 0.0661
      Mean episode rew_base_height: 0.0065
        Mean episode rew_collision: -0.0001
Mean episode rew_default_joint_pos: -0.0011
          Mean episode rew_dof_acc: -0.0470
   Mean episode rew_dof_pos_limits: -0.1726
Mean episode rew_dof_torque_limits: -0.0240
          Mean episode rew_dof_vel: -0.0000
   Mean episode rew_dof_vel_limits: -0.0896
    Mean episode rew_feet_air_time: 0.0380
   Mean episode rew_feet_clearance: 1.1415
Mean episode rew_feet_contact_forces: -0.2993
Mean episode rew_feet_contact_number: 0.4298
    Mean episode rew_feet_distance: 0.1454
    Mean episode rew_feet_rotation: 0.0000
        Mean episode rew_foot_slip: -0.2136
    Mean episode rew_knee_distance: 0.1413
        Mean episode rew_low_speed: 0.0474
      Mean episode rew_orientation: 0.0836
    Mean episode rew_ref_joint_pos: 0.0489
      Mean episode rew_stand_still: 0.0078
    Mean episode rew_stride_length: 0.1778
        Mean episode rew_toe_scuff: -0.0013
          Mean episode rew_torques: -0.0000
   Mean episode rew_track_vel_hard: 0.0344
 Mean episode rew_tracking_ang_vel: 0.5289
 Mean episode rew_tracking_lin_vel: 0.9054
 Mean episode rew_vel_mismatch_exp: 0.1147
        Mean episode terrain_level: 4.2878
        Mean episode max_command_x: 0.8000
--------------------------------------------------------------------------------
                   Total timesteps: 189431808
                    Iteration time: 1.39s
                        Total time: 2889.21s
                               ETA: 111.0s

################################################################################
                     [1m Learning iteration 1927/2000 [0m                     

                       Computation: 71257 steps/s (collection: 1.147s, learning 0.232s)
               Value function loss: 0.0176
                    Surrogate loss: -0.0052
              State estimator loss: 0.0236
             Mean action noise std: 3.33
                       Mean reward: 53.28
               Mean episode length: 1777.60
Mean episode rew_action_smoothness: -0.4347
     Mean episode rew_ankle_motion: -0.0141
    Mean episode rew_ankle_torques: -2.7201
         Mean episode rew_base_acc: 0.0528
      Mean episode rew_base_height: 0.0040
        Mean episode rew_collision: -0.0002
Mean episode rew_default_joint_pos: -0.0009
          Mean episode rew_dof_acc: -0.0434
   Mean episode rew_dof_pos_limits: -0.1548
Mean episode rew_dof_torque_limits: -0.0191
          Mean episode rew_dof_vel: -0.0000
   Mean episode rew_dof_vel_limits: -0.0777
    Mean episode rew_feet_air_time: 0.0298
   Mean episode rew_feet_clearance: 0.9996
Mean episode rew_feet_contact_forces: -0.2386
Mean episode rew_feet_contact_number: 0.3381
    Mean episode rew_feet_distance: 0.1177
    Mean episode rew_feet_rotation: 0.0000
        Mean episode rew_foot_slip: -0.1857
    Mean episode rew_knee_distance: 0.1121
        Mean episode rew_low_speed: 0.0383
      Mean episode rew_orientation: 0.0591
    Mean episode rew_ref_joint_pos: 0.0382
      Mean episode rew_stand_still: 0.0061
    Mean episode rew_stride_length: 0.1439
        Mean episode rew_toe_scuff: -0.0006
          Mean episode rew_torques: -0.0000
   Mean episode rew_track_vel_hard: 0.0245
 Mean episode rew_tracking_ang_vel: 0.4248
 Mean episode rew_tracking_lin_vel: 0.7093
 Mean episode rew_vel_mismatch_exp: 0.0913
        Mean episode terrain_level: 4.2886
        Mean episode max_command_x: 0.8000
--------------------------------------------------------------------------------
                   Total timesteps: 189530112
                    Iteration time: 1.38s
                        Total time: 2890.59s
                               ETA: 109.4s

################################################################################
                     [1m Learning iteration 1928/2000 [0m                     

                       Computation: 70164 steps/s (collection: 1.169s, learning 0.232s)
               Value function loss: 0.0214
                    Surrogate loss: -0.0056
              State estimator loss: 0.0227
             Mean action noise std: 3.33
                       Mean reward: 53.29
               Mean episode length: 1763.25
Mean episode rew_action_smoothness: -0.5724
     Mean episode rew_ankle_motion: -0.0187
    Mean episode rew_ankle_torques: -3.4996
         Mean episode rew_base_acc: 0.0702
      Mean episode rew_base_height: 0.0059
        Mean episode rew_collision: -0.0001
Mean episode rew_default_joint_pos: -0.0012
          Mean episode rew_dof_acc: -0.0538
   Mean episode rew_dof_pos_limits: -0.1773
Mean episode rew_dof_torque_limits: -0.0227
          Mean episode rew_dof_vel: -0.0000
   Mean episode rew_dof_vel_limits: -0.0983
    Mean episode rew_feet_air_time: 0.0401
   Mean episode rew_feet_clearance: 1.2284
Mean episode rew_feet_contact_forces: -0.3169
Mean episode rew_feet_contact_number: 0.4471
    Mean episode rew_feet_distance: 0.1558
    Mean episode rew_feet_rotation: 0.0000
        Mean episode rew_foot_slip: -0.2328
    Mean episode rew_knee_distance: 0.1483
        Mean episode rew_low_speed: 0.0569
      Mean episode rew_orientation: 0.0840
    Mean episode rew_ref_joint_pos: 0.0505
      Mean episode rew_stand_still: 0.0076
    Mean episode rew_stride_length: 0.1892
        Mean episode rew_toe_scuff: -0.0013
          Mean episode rew_torques: -0.0000
   Mean episode rew_track_vel_hard: 0.0392
 Mean episode rew_tracking_ang_vel: 0.5663
 Mean episode rew_tracking_lin_vel: 0.9759
 Mean episode rew_vel_mismatch_exp: 0.1218
        Mean episode terrain_level: 4.2884
        Mean episode max_command_x: 0.8000
--------------------------------------------------------------------------------
                   Total timesteps: 189628416
                    Iteration time: 1.40s
                        Total time: 2891.99s
                               ETA: 107.9s

################################################################################
                     [1m Learning iteration 1929/2000 [0m                     

                       Computation: 69772 steps/s (collection: 1.176s, learning 0.233s)
               Value function loss: 0.0190
                    Surrogate loss: -0.0032
              State estimator loss: 0.0226
             Mean action noise std: 3.33
                       Mean reward: 55.71
               Mean episode length: 1814.20
Mean episode rew_action_smoothness: -0.5798
     Mean episode rew_ankle_motion: -0.0191
    Mean episode rew_ankle_torques: -3.6411
         Mean episode rew_base_acc: 0.0704
      Mean episode rew_base_height: 0.0061
        Mean episode rew_collision: -0.0001
Mean episode rew_default_joint_pos: -0.0011
          Mean episode rew_dof_acc: -0.0626
   Mean episode rew_dof_pos_limits: -0.1687
Mean episode rew_dof_torque_limits: -0.0249
          Mean episode rew_dof_vel: -0.0000
   Mean episode rew_dof_vel_limits: -0.1109
    Mean episode rew_feet_air_time: 0.0408
   Mean episode rew_feet_clearance: 1.2205
Mean episode rew_feet_contact_forces: -0.3369
Mean episode rew_feet_contact_number: 0.4593
    Mean episode rew_feet_distance: 0.1586
    Mean episode rew_feet_rotation: 0.0000
        Mean episode rew_foot_slip: -0.2365
    Mean episode rew_knee_distance: 0.1553
        Mean episode rew_low_speed: 0.0625
      Mean episode rew_orientation: 0.0885
    Mean episode rew_ref_joint_pos: 0.0505
      Mean episode rew_stand_still: 0.0085
    Mean episode rew_stride_length: 0.1914
        Mean episode rew_toe_scuff: -0.0012
          Mean episode rew_torques: -0.0000
   Mean episode rew_track_vel_hard: 0.0406
 Mean episode rew_tracking_ang_vel: 0.5796
 Mean episode rew_tracking_lin_vel: 0.9972
 Mean episode rew_vel_mismatch_exp: 0.1216
        Mean episode terrain_level: 4.2896
        Mean episode max_command_x: 0.8000
--------------------------------------------------------------------------------
                   Total timesteps: 189726720
                    Iteration time: 1.41s
                        Total time: 2893.40s
                               ETA: 106.4s

################################################################################
                     [1m Learning iteration 1930/2000 [0m                     

                       Computation: 70839 steps/s (collection: 1.156s, learning 0.232s)
               Value function loss: 0.0203
                    Surrogate loss: -0.0048
              State estimator loss: 0.0228
             Mean action noise std: 3.33
                       Mean reward: 59.74
               Mean episode length: 1933.78
Mean episode rew_action_smoothness: -0.6221
     Mean episode rew_ankle_motion: -0.0208
    Mean episode rew_ankle_torques: -3.8958
         Mean episode rew_base_acc: 0.0792
      Mean episode rew_base_height: 0.0056
        Mean episode rew_collision: -0.0001
Mean episode rew_default_joint_pos: -0.0013
          Mean episode rew_dof_acc: -0.0618
   Mean episode rew_dof_pos_limits: -0.1784
Mean episode rew_dof_torque_limits: -0.0255
          Mean episode rew_dof_vel: -0.0000
   Mean episode rew_dof_vel_limits: -0.1058
    Mean episode rew_feet_air_time: 0.0444
   Mean episode rew_feet_clearance: 1.2846
Mean episode rew_feet_contact_forces: -0.3560
Mean episode rew_feet_contact_number: 0.5137
    Mean episode rew_feet_distance: 0.1726
    Mean episode rew_feet_rotation: 0.0000
        Mean episode rew_foot_slip: -0.2568
    Mean episode rew_knee_distance: 0.1677
        Mean episode rew_low_speed: 0.0605
      Mean episode rew_orientation: 0.0920
    Mean episode rew_ref_joint_pos: 0.0582
      Mean episode rew_stand_still: 0.0085
    Mean episode rew_stride_length: 0.2102
        Mean episode rew_toe_scuff: -0.0015
          Mean episode rew_torques: -0.0000
   Mean episode rew_track_vel_hard: 0.0466
 Mean episode rew_tracking_ang_vel: 0.6401
 Mean episode rew_tracking_lin_vel: 1.0912
 Mean episode rew_vel_mismatch_exp: 0.1389
        Mean episode terrain_level: 4.2899
        Mean episode max_command_x: 0.8000
--------------------------------------------------------------------------------
                   Total timesteps: 189825024
                    Iteration time: 1.39s
                        Total time: 2894.79s
                               ETA: 104.9s

################################################################################
                     [1m Learning iteration 1931/2000 [0m                     

                       Computation: 71839 steps/s (collection: 1.137s, learning 0.232s)
               Value function loss: 0.0195
                    Surrogate loss: -0.0033
              State estimator loss: 0.0224
             Mean action noise std: 3.33
                       Mean reward: 58.93
               Mean episode length: 1926.83
Mean episode rew_action_smoothness: -0.5953
     Mean episode rew_ankle_motion: -0.0193
    Mean episode rew_ankle_torques: -3.4384
         Mean episode rew_base_acc: 0.0719
      Mean episode rew_base_height: 0.0050
        Mean episode rew_collision: -0.0001
Mean episode rew_default_joint_pos: -0.0013
          Mean episode rew_dof_acc: -0.0560
   Mean episode rew_dof_pos_limits: -0.2021
Mean episode rew_dof_torque_limits: -0.0291
          Mean episode rew_dof_vel: -0.0000
   Mean episode rew_dof_vel_limits: -0.0978
    Mean episode rew_feet_air_time: 0.0397
   Mean episode rew_feet_clearance: 1.1707
Mean episode rew_feet_contact_forces: -0.3352
Mean episode rew_feet_contact_number: 0.4560
    Mean episode rew_feet_distance: 0.1592
    Mean episode rew_feet_rotation: 0.0000
        Mean episode rew_foot_slip: -0.2415
    Mean episode rew_knee_distance: 0.1550
        Mean episode rew_low_speed: 0.0559
      Mean episode rew_orientation: 0.0781
    Mean episode rew_ref_joint_pos: 0.0545
      Mean episode rew_stand_still: 0.0074
    Mean episode rew_stride_length: 0.1958
        Mean episode rew_toe_scuff: -0.0014
          Mean episode rew_torques: -0.0000
   Mean episode rew_track_vel_hard: 0.0405
 Mean episode rew_tracking_ang_vel: 0.5847
 Mean episode rew_tracking_lin_vel: 0.9877
 Mean episode rew_vel_mismatch_exp: 0.1269
        Mean episode terrain_level: 4.2902
        Mean episode max_command_x: 0.8000
--------------------------------------------------------------------------------
                   Total timesteps: 189923328
                    Iteration time: 1.37s
                        Total time: 2896.16s
                               ETA: 103.4s

################################################################################
                     [1m Learning iteration 1932/2000 [0m                     

                       Computation: 72268 steps/s (collection: 1.129s, learning 0.232s)
               Value function loss: 0.0167
                    Surrogate loss: -0.0057
              State estimator loss: 0.0224
             Mean action noise std: 3.34
                       Mean reward: 59.22
               Mean episode length: 1929.00
Mean episode rew_action_smoothness: -0.5474
     Mean episode rew_ankle_motion: -0.0186
    Mean episode rew_ankle_torques: -3.6419
         Mean episode rew_base_acc: 0.0709
      Mean episode rew_base_height: 0.0054
        Mean episode rew_collision: -0.0001
Mean episode rew_default_joint_pos: -0.0012
          Mean episode rew_dof_acc: -0.0520
   Mean episode rew_dof_pos_limits: -0.1724
Mean episode rew_dof_torque_limits: -0.0249
          Mean episode rew_dof_vel: -0.0000
   Mean episode rew_dof_vel_limits: -0.0916
    Mean episode rew_feet_air_time: 0.0392
   Mean episode rew_feet_clearance: 1.1767
Mean episode rew_feet_contact_forces: -0.3125
Mean episode rew_feet_contact_number: 0.4505
    Mean episode rew_feet_distance: 0.1519
    Mean episode rew_feet_rotation: 0.0000
        Mean episode rew_foot_slip: -0.2245
    Mean episode rew_knee_distance: 0.1473
        Mean episode rew_low_speed: 0.0462
      Mean episode rew_orientation: 0.0852
    Mean episode rew_ref_joint_pos: 0.0530
      Mean episode rew_stand_still: 0.0088
    Mean episode rew_stride_length: 0.1888
        Mean episode rew_toe_scuff: -0.0012
          Mean episode rew_torques: -0.0000
   Mean episode rew_track_vel_hard: 0.0386
 Mean episode rew_tracking_ang_vel: 0.5671
 Mean episode rew_tracking_lin_vel: 0.9434
 Mean episode rew_vel_mismatch_exp: 0.1233
        Mean episode terrain_level: 4.2892
        Mean episode max_command_x: 0.8000
--------------------------------------------------------------------------------
                   Total timesteps: 190021632
                    Iteration time: 1.36s
                        Total time: 2897.52s
                               ETA: 101.9s

################################################################################
                     [1m Learning iteration 1933/2000 [0m                     

                       Computation: 71777 steps/s (collection: 1.137s, learning 0.233s)
               Value function loss: 0.0219
                    Surrogate loss: -0.0007
              State estimator loss: 0.0225
             Mean action noise std: 3.34
                       Mean reward: 58.81
               Mean episode length: 1928.21
Mean episode rew_action_smoothness: -0.6114
     Mean episode rew_ankle_motion: -0.0196
    Mean episode rew_ankle_torques: -3.6006
         Mean episode rew_base_acc: 0.0737
      Mean episode rew_base_height: 0.0065
        Mean episode rew_collision: -0.0001
Mean episode rew_default_joint_pos: -0.0012
          Mean episode rew_dof_acc: -0.0625
   Mean episode rew_dof_pos_limits: -0.1658
Mean episode rew_dof_torque_limits: -0.0281
          Mean episode rew_dof_vel: -0.0000
   Mean episode rew_dof_vel_limits: -0.1088
    Mean episode rew_feet_air_time: 0.0425
   Mean episode rew_feet_clearance: 1.2025
Mean episode rew_feet_contact_forces: -0.3578
Mean episode rew_feet_contact_number: 0.4821
    Mean episode rew_feet_distance: 0.1670
    Mean episode rew_feet_rotation: 0.0000
        Mean episode rew_foot_slip: -0.2466
    Mean episode rew_knee_distance: 0.1600
        Mean episode rew_low_speed: 0.0651
      Mean episode rew_orientation: 0.0851
    Mean episode rew_ref_joint_pos: 0.0584
      Mean episode rew_stand_still: 0.0104
    Mean episode rew_stride_length: 0.2004
        Mean episode rew_toe_scuff: -0.0019
          Mean episode rew_torques: -0.0000
   Mean episode rew_track_vel_hard: 0.0417
 Mean episode rew_tracking_ang_vel: 0.5941
 Mean episode rew_tracking_lin_vel: 1.0388
 Mean episode rew_vel_mismatch_exp: 0.1287
        Mean episode terrain_level: 4.2896
        Mean episode max_command_x: 0.8000
--------------------------------------------------------------------------------
                   Total timesteps: 190119936
                    Iteration time: 1.37s
                        Total time: 2898.89s
                               ETA: 100.4s

################################################################################
                     [1m Learning iteration 1934/2000 [0m                     

                       Computation: 69950 steps/s (collection: 1.173s, learning 0.233s)
               Value function loss: 0.0199
                    Surrogate loss: -0.0049
              State estimator loss: 0.0227
             Mean action noise std: 3.34
                       Mean reward: 61.19
               Mean episode length: 2016.96
Mean episode rew_action_smoothness: -0.6171
     Mean episode rew_ankle_motion: -0.0208
    Mean episode rew_ankle_torques: -4.1643
         Mean episode rew_base_acc: 0.0777
      Mean episode rew_base_height: 0.0068
        Mean episode rew_collision: -0.0001
Mean episode rew_default_joint_pos: -0.0013
          Mean episode rew_dof_acc: -0.0590
   Mean episode rew_dof_pos_limits: -0.2019
Mean episode rew_dof_torque_limits: -0.0226
          Mean episode rew_dof_vel: -0.0000
   Mean episode rew_dof_vel_limits: -0.1078
    Mean episode rew_feet_air_time: 0.0439
   Mean episode rew_feet_clearance: 1.3285
Mean episode rew_feet_contact_forces: -0.3378
Mean episode rew_feet_contact_number: 0.4953
    Mean episode rew_feet_distance: 0.1713
    Mean episode rew_feet_rotation: 0.0000
        Mean episode rew_foot_slip: -0.2530
    Mean episode rew_knee_distance: 0.1674
        Mean episode rew_low_speed: 0.0612
      Mean episode rew_orientation: 0.0986
    Mean episode rew_ref_joint_pos: 0.0585
      Mean episode rew_stand_still: 0.0091
    Mean episode rew_stride_length: 0.2077
        Mean episode rew_toe_scuff: -0.0015
          Mean episode rew_torques: -0.0000
   Mean episode rew_track_vel_hard: 0.0453
 Mean episode rew_tracking_ang_vel: 0.6229
 Mean episode rew_tracking_lin_vel: 1.0821
 Mean episode rew_vel_mismatch_exp: 0.1390
        Mean episode terrain_level: 4.2898
        Mean episode max_command_x: 0.8000
--------------------------------------------------------------------------------
                   Total timesteps: 190218240
                    Iteration time: 1.41s
                        Total time: 2900.29s
                               ETA: 98.9s

################################################################################
                     [1m Learning iteration 1935/2000 [0m                     

                       Computation: 71560 steps/s (collection: 1.141s, learning 0.232s)
               Value function loss: 0.0214
                    Surrogate loss: -0.0051
              State estimator loss: 0.0224
             Mean action noise std: 3.34
                       Mean reward: 63.12
               Mean episode length: 2068.49
Mean episode rew_action_smoothness: -0.6208
     Mean episode rew_ankle_motion: -0.0214
    Mean episode rew_ankle_torques: -4.1707
         Mean episode rew_base_acc: 0.0806
      Mean episode rew_base_height: 0.0096
        Mean episode rew_collision: -0.0000
Mean episode rew_default_joint_pos: -0.0013
          Mean episode rew_dof_acc: -0.0615
   Mean episode rew_dof_pos_limits: -0.1738
Mean episode rew_dof_torque_limits: -0.0235
          Mean episode rew_dof_vel: -0.0000
   Mean episode rew_dof_vel_limits: -0.1232
    Mean episode rew_feet_air_time: 0.0472
   Mean episode rew_feet_clearance: 1.4760
Mean episode rew_feet_contact_forces: -0.3419
Mean episode rew_feet_contact_number: 0.5198
    Mean episode rew_feet_distance: 0.1774
    Mean episode rew_feet_rotation: 0.0000
        Mean episode rew_foot_slip: -0.2516
    Mean episode rew_knee_distance: 0.1729
        Mean episode rew_low_speed: 0.0647
      Mean episode rew_orientation: 0.1057
    Mean episode rew_ref_joint_pos: 0.0583
      Mean episode rew_stand_still: 0.0090
    Mean episode rew_stride_length: 0.2185
        Mean episode rew_toe_scuff: -0.0011
          Mean episode rew_torques: -0.0000
   Mean episode rew_track_vel_hard: 0.0484
 Mean episode rew_tracking_ang_vel: 0.6547
 Mean episode rew_tracking_lin_vel: 1.1400
 Mean episode rew_vel_mismatch_exp: 0.1428
        Mean episode terrain_level: 4.2903
        Mean episode max_command_x: 0.8000
--------------------------------------------------------------------------------
                   Total timesteps: 190316544
                    Iteration time: 1.37s
                        Total time: 2901.67s
                               ETA: 97.4s

################################################################################
                     [1m Learning iteration 1936/2000 [0m                     

                       Computation: 74012 steps/s (collection: 1.096s, learning 0.232s)
               Value function loss: 0.0213
                    Surrogate loss: -0.0042
              State estimator loss: 0.0221
             Mean action noise std: 3.34
                       Mean reward: 63.45
               Mean episode length: 2062.20
Mean episode rew_action_smoothness: -0.5649
     Mean episode rew_ankle_motion: -0.0192
    Mean episode rew_ankle_torques: -3.2805
         Mean episode rew_base_acc: 0.0724
      Mean episode rew_base_height: 0.0059
        Mean episode rew_collision: -0.0001
Mean episode rew_default_joint_pos: -0.0012
          Mean episode rew_dof_acc: -0.0547
   Mean episode rew_dof_pos_limits: -0.1830
Mean episode rew_dof_torque_limits: -0.0274
          Mean episode rew_dof_vel: -0.0000
   Mean episode rew_dof_vel_limits: -0.0981
    Mean episode rew_feet_air_time: 0.0404
   Mean episode rew_feet_clearance: 1.2076
Mean episode rew_feet_contact_forces: -0.3230
Mean episode rew_feet_contact_number: 0.4764
    Mean episode rew_feet_distance: 0.1607
    Mean episode rew_feet_rotation: 0.0000
        Mean episode rew_foot_slip: -0.2388
    Mean episode rew_knee_distance: 0.1552
        Mean episode rew_low_speed: 0.0394
      Mean episode rew_orientation: 0.0846
    Mean episode rew_ref_joint_pos: 0.0535
      Mean episode rew_stand_still: 0.0089
    Mean episode rew_stride_length: 0.1940
        Mean episode rew_toe_scuff: -0.0013
          Mean episode rew_torques: -0.0000
   Mean episode rew_track_vel_hard: 0.0365
 Mean episode rew_tracking_ang_vel: 0.5719
 Mean episode rew_tracking_lin_vel: 0.9806
 Mean episode rew_vel_mismatch_exp: 0.1285
        Mean episode terrain_level: 4.2904
        Mean episode max_command_x: 0.8000
--------------------------------------------------------------------------------
                   Total timesteps: 190414848
                    Iteration time: 1.33s
                        Total time: 2903.00s
                               ETA: 95.9s

################################################################################
                     [1m Learning iteration 1937/2000 [0m                     

                       Computation: 71832 steps/s (collection: 1.137s, learning 0.232s)
               Value function loss: 0.0217
                    Surrogate loss: -0.0002
              State estimator loss: 0.0224
             Mean action noise std: 3.34
                       Mean reward: 61.71
               Mean episode length: 2007.93
Mean episode rew_action_smoothness: -0.5688
     Mean episode rew_ankle_motion: -0.0182
    Mean episode rew_ankle_torques: -3.4427
         Mean episode rew_base_acc: 0.0690
      Mean episode rew_base_height: 0.0059
        Mean episode rew_collision: -0.0001
Mean episode rew_default_joint_pos: -0.0012
          Mean episode rew_dof_acc: -0.0499
   Mean episode rew_dof_pos_limits: -0.1618
Mean episode rew_dof_torque_limits: -0.0234
          Mean episode rew_dof_vel: -0.0000
   Mean episode rew_dof_vel_limits: -0.0949
    Mean episode rew_feet_air_time: 0.0403
   Mean episode rew_feet_clearance: 1.2050
Mean episode rew_feet_contact_forces: -0.3202
Mean episode rew_feet_contact_number: 0.4491
    Mean episode rew_feet_distance: 0.1553
    Mean episode rew_feet_rotation: 0.0000
        Mean episode rew_foot_slip: -0.2320
    Mean episode rew_knee_distance: 0.1508
        Mean episode rew_low_speed: 0.0586
      Mean episode rew_orientation: 0.0844
    Mean episode rew_ref_joint_pos: 0.0508
      Mean episode rew_stand_still: 0.0076
    Mean episode rew_stride_length: 0.1891
        Mean episode rew_toe_scuff: -0.0013
          Mean episode rew_torques: -0.0000
   Mean episode rew_track_vel_hard: 0.0418
 Mean episode rew_tracking_ang_vel: 0.5729
 Mean episode rew_tracking_lin_vel: 0.9812
 Mean episode rew_vel_mismatch_exp: 0.1199
        Mean episode terrain_level: 4.2923
        Mean episode max_command_x: 0.8000
--------------------------------------------------------------------------------
                   Total timesteps: 190513152
                    Iteration time: 1.37s
                        Total time: 2904.37s
                               ETA: 94.4s

################################################################################
                     [1m Learning iteration 1938/2000 [0m                     

                       Computation: 68510 steps/s (collection: 1.203s, learning 0.232s)
               Value function loss: 0.0194
                    Surrogate loss: -0.0061
              State estimator loss: 0.0228
             Mean action noise std: 3.34
                       Mean reward: 65.75
               Mean episode length: 2138.99
Mean episode rew_action_smoothness: -0.6561
     Mean episode rew_ankle_motion: -0.0214
    Mean episode rew_ankle_torques: -3.8849
         Mean episode rew_base_acc: 0.0804
      Mean episode rew_base_height: 0.0064
        Mean episode rew_collision: -0.0001
Mean episode rew_default_joint_pos: -0.0013
          Mean episode rew_dof_acc: -0.0663
   Mean episode rew_dof_pos_limits: -0.1756
Mean episode rew_dof_torque_limits: -0.0284
          Mean episode rew_dof_vel: -0.0000
   Mean episode rew_dof_vel_limits: -0.1135
    Mean episode rew_feet_air_time: 0.0455
   Mean episode rew_feet_clearance: 1.3373
Mean episode rew_feet_contact_forces: -0.3680
Mean episode rew_feet_contact_number: 0.5300
    Mean episode rew_feet_distance: 0.1787
    Mean episode rew_feet_rotation: 0.0000
        Mean episode rew_foot_slip: -0.2694
    Mean episode rew_knee_distance: 0.1722
        Mean episode rew_low_speed: 0.0683
      Mean episode rew_orientation: 0.0906
    Mean episode rew_ref_joint_pos: 0.0601
      Mean episode rew_stand_still: 0.0091
    Mean episode rew_stride_length: 0.2180
        Mean episode rew_toe_scuff: -0.0015
          Mean episode rew_torques: -0.0000
   Mean episode rew_track_vel_hard: 0.0495
 Mean episode rew_tracking_ang_vel: 0.6561
 Mean episode rew_tracking_lin_vel: 1.1369
 Mean episode rew_vel_mismatch_exp: 0.1419
        Mean episode terrain_level: 4.2938
        Mean episode max_command_x: 0.8000
--------------------------------------------------------------------------------
                   Total timesteps: 190611456
                    Iteration time: 1.43s
                        Total time: 2905.80s
                               ETA: 92.9s

################################################################################
                     [1m Learning iteration 1939/2000 [0m                     

                       Computation: 69490 steps/s (collection: 1.183s, learning 0.232s)
               Value function loss: 0.0197
                    Surrogate loss: -0.0040
              State estimator loss: 0.0229
             Mean action noise std: 3.35
                       Mean reward: 69.20
               Mean episode length: 2237.92
Mean episode rew_action_smoothness: -0.6711
     Mean episode rew_ankle_motion: -0.0225
    Mean episode rew_ankle_torques: -4.1549
         Mean episode rew_base_acc: 0.0844
      Mean episode rew_base_height: 0.0066
        Mean episode rew_collision: -0.0000
Mean episode rew_default_joint_pos: -0.0013
          Mean episode rew_dof_acc: -0.0746
   Mean episode rew_dof_pos_limits: -0.1955
Mean episode rew_dof_torque_limits: -0.0258
          Mean episode rew_dof_vel: -0.0000
   Mean episode rew_dof_vel_limits: -0.1246
    Mean episode rew_feet_air_time: 0.0474
   Mean episode rew_feet_clearance: 1.4035
Mean episode rew_feet_contact_forces: -0.3818
Mean episode rew_feet_contact_number: 0.5608
    Mean episode rew_feet_distance: 0.1865
    Mean episode rew_feet_rotation: 0.0000
        Mean episode rew_foot_slip: -0.2783
    Mean episode rew_knee_distance: 0.1809
        Mean episode rew_low_speed: 0.0694
      Mean episode rew_orientation: 0.0978
    Mean episode rew_ref_joint_pos: 0.0632
      Mean episode rew_stand_still: 0.0100
    Mean episode rew_stride_length: 0.2262
        Mean episode rew_toe_scuff: -0.0014
          Mean episode rew_torques: -0.0000
   Mean episode rew_track_vel_hard: 0.0519
 Mean episode rew_tracking_ang_vel: 0.6831
 Mean episode rew_tracking_lin_vel: 1.1841
 Mean episode rew_vel_mismatch_exp: 0.1491
        Mean episode terrain_level: 4.2979
        Mean episode max_command_x: 0.8000
--------------------------------------------------------------------------------
                   Total timesteps: 190709760
                    Iteration time: 1.41s
                        Total time: 2907.21s
                               ETA: 91.4s

################################################################################
                     [1m Learning iteration 1940/2000 [0m                     

                       Computation: 68736 steps/s (collection: 1.198s, learning 0.232s)
               Value function loss: 0.0167
                    Surrogate loss: -0.0055
              State estimator loss: 0.0227
             Mean action noise std: 3.35
                       Mean reward: 69.92
               Mean episode length: 2234.62
Mean episode rew_action_smoothness: -0.6212
     Mean episode rew_ankle_motion: -0.0205
    Mean episode rew_ankle_torques: -3.8136
         Mean episode rew_base_acc: 0.0775
      Mean episode rew_base_height: 0.0075
        Mean episode rew_collision: -0.0001
Mean episode rew_default_joint_pos: -0.0013
          Mean episode rew_dof_acc: -0.0701
   Mean episode rew_dof_pos_limits: -0.1632
Mean episode rew_dof_torque_limits: -0.0260
          Mean episode rew_dof_vel: -0.0000
   Mean episode rew_dof_vel_limits: -0.1242
    Mean episode rew_feet_air_time: 0.0445
   Mean episode rew_feet_clearance: 1.3505
Mean episode rew_feet_contact_forces: -0.3567
Mean episode rew_feet_contact_number: 0.5063
    Mean episode rew_feet_distance: 0.1724
    Mean episode rew_feet_rotation: 0.0000
        Mean episode rew_foot_slip: -0.2557
    Mean episode rew_knee_distance: 0.1664
        Mean episode rew_low_speed: 0.0650
      Mean episode rew_orientation: 0.0906
    Mean episode rew_ref_joint_pos: 0.0569
      Mean episode rew_stand_still: 0.0079
    Mean episode rew_stride_length: 0.2076
        Mean episode rew_toe_scuff: -0.0013
          Mean episode rew_torques: -0.0000
   Mean episode rew_track_vel_hard: 0.0451
 Mean episode rew_tracking_ang_vel: 0.6305
 Mean episode rew_tracking_lin_vel: 1.0797
 Mean episode rew_vel_mismatch_exp: 0.1362
        Mean episode terrain_level: 4.3014
        Mean episode max_command_x: 0.8000
--------------------------------------------------------------------------------
                   Total timesteps: 190808064
                    Iteration time: 1.43s
                        Total time: 2908.64s
                               ETA: 89.9s

################################################################################
                     [1m Learning iteration 1941/2000 [0m                     

                       Computation: 70659 steps/s (collection: 1.159s, learning 0.232s)
               Value function loss: 0.0196
                    Surrogate loss: -0.0047
              State estimator loss: 0.0219
             Mean action noise std: 3.35
                       Mean reward: 66.96
               Mean episode length: 2128.27
Mean episode rew_action_smoothness: -0.5882
     Mean episode rew_ankle_motion: -0.0195
    Mean episode rew_ankle_torques: -3.5157
         Mean episode rew_base_acc: 0.0739
      Mean episode rew_base_height: 0.0066
        Mean episode rew_collision: -0.0001
Mean episode rew_default_joint_pos: -0.0012
          Mean episode rew_dof_acc: -0.0641
   Mean episode rew_dof_pos_limits: -0.1441
Mean episode rew_dof_torque_limits: -0.0306
          Mean episode rew_dof_vel: -0.0000
   Mean episode rew_dof_vel_limits: -0.1195
    Mean episode rew_feet_air_time: 0.0423
   Mean episode rew_feet_clearance: 1.2676
Mean episode rew_feet_contact_forces: -0.3517
Mean episode rew_feet_contact_number: 0.4792
    Mean episode rew_feet_distance: 0.1646
    Mean episode rew_feet_rotation: 0.0000
        Mean episode rew_foot_slip: -0.2435
    Mean episode rew_knee_distance: 0.1591
        Mean episode rew_low_speed: 0.0553
      Mean episode rew_orientation: 0.0839
    Mean episode rew_ref_joint_pos: 0.0547
      Mean episode rew_stand_still: 0.0085
    Mean episode rew_stride_length: 0.1949
        Mean episode rew_toe_scuff: -0.0013
          Mean episode rew_torques: -0.0000
   Mean episode rew_track_vel_hard: 0.0422
 Mean episode rew_tracking_ang_vel: 0.5861
 Mean episode rew_tracking_lin_vel: 1.0307
 Mean episode rew_vel_mismatch_exp: 0.1283
        Mean episode terrain_level: 4.3012
        Mean episode max_command_x: 0.8000
--------------------------------------------------------------------------------
                   Total timesteps: 190906368
                    Iteration time: 1.39s
                        Total time: 2910.04s
                               ETA: 88.4s

################################################################################
                     [1m Learning iteration 1942/2000 [0m                     

                       Computation: 70780 steps/s (collection: 1.157s, learning 0.232s)
               Value function loss: 0.0183
                    Surrogate loss: -0.0067
              State estimator loss: 0.0222
             Mean action noise std: 3.35
                       Mean reward: 65.56
               Mean episode length: 2109.43
Mean episode rew_action_smoothness: -0.6486
     Mean episode rew_ankle_motion: -0.0213
    Mean episode rew_ankle_torques: -4.2302
         Mean episode rew_base_acc: 0.0808
      Mean episode rew_base_height: 0.0068
        Mean episode rew_collision: -0.0000
Mean episode rew_default_joint_pos: -0.0013
          Mean episode rew_dof_acc: -0.0630
   Mean episode rew_dof_pos_limits: -0.1764
Mean episode rew_dof_torque_limits: -0.0298
          Mean episode rew_dof_vel: -0.0000
   Mean episode rew_dof_vel_limits: -0.1190
    Mean episode rew_feet_air_time: 0.0458
   Mean episode rew_feet_clearance: 1.4084
Mean episode rew_feet_contact_forces: -0.3748
Mean episode rew_feet_contact_number: 0.5265
    Mean episode rew_feet_distance: 0.1777
    Mean episode rew_feet_rotation: 0.0000
        Mean episode rew_foot_slip: -0.2634
    Mean episode rew_knee_distance: 0.1727
        Mean episode rew_low_speed: 0.0706
      Mean episode rew_orientation: 0.0955
    Mean episode rew_ref_joint_pos: 0.0610
      Mean episode rew_stand_still: 0.0082
    Mean episode rew_stride_length: 0.2164
        Mean episode rew_toe_scuff: -0.0012
          Mean episode rew_torques: -0.0000
   Mean episode rew_track_vel_hard: 0.0497
 Mean episode rew_tracking_ang_vel: 0.6530
 Mean episode rew_tracking_lin_vel: 1.1332
 Mean episode rew_vel_mismatch_exp: 0.1423
        Mean episode terrain_level: 4.3019
        Mean episode max_command_x: 0.8000
--------------------------------------------------------------------------------
                   Total timesteps: 191004672
                    Iteration time: 1.39s
                        Total time: 2911.42s
                               ETA: 86.9s

################################################################################
                     [1m Learning iteration 1943/2000 [0m                     

                       Computation: 69739 steps/s (collection: 1.178s, learning 0.231s)
               Value function loss: 0.0154
                    Surrogate loss: -0.0029
              State estimator loss: 0.0223
             Mean action noise std: 3.35
                       Mean reward: 63.00
               Mean episode length: 2072.10
Mean episode rew_action_smoothness: -0.5824
     Mean episode rew_ankle_motion: -0.0194
    Mean episode rew_ankle_torques: -3.7621
         Mean episode rew_base_acc: 0.0737
      Mean episode rew_base_height: 0.0058
        Mean episode rew_collision: -0.0001
Mean episode rew_default_joint_pos: -0.0012
          Mean episode rew_dof_acc: -0.0547
   Mean episode rew_dof_pos_limits: -0.1792
Mean episode rew_dof_torque_limits: -0.0283
          Mean episode rew_dof_vel: -0.0000
   Mean episode rew_dof_vel_limits: -0.1079
    Mean episode rew_feet_air_time: 0.0407
   Mean episode rew_feet_clearance: 1.2300
Mean episode rew_feet_contact_forces: -0.3325
Mean episode rew_feet_contact_number: 0.4718
    Mean episode rew_feet_distance: 0.1608
    Mean episode rew_feet_rotation: 0.0000
        Mean episode rew_foot_slip: -0.2424
    Mean episode rew_knee_distance: 0.1566
        Mean episode rew_low_speed: 0.0591
      Mean episode rew_orientation: 0.0872
    Mean episode rew_ref_joint_pos: 0.0560
      Mean episode rew_stand_still: 0.0089
    Mean episode rew_stride_length: 0.1958
        Mean episode rew_toe_scuff: -0.0012
          Mean episode rew_torques: -0.0000
   Mean episode rew_track_vel_hard: 0.0446
 Mean episode rew_tracking_ang_vel: 0.5885
 Mean episode rew_tracking_lin_vel: 1.0113
 Mean episode rew_vel_mismatch_exp: 0.1286
        Mean episode terrain_level: 4.3041
        Mean episode max_command_x: 0.8000
--------------------------------------------------------------------------------
                   Total timesteps: 191102976
                    Iteration time: 1.41s
                        Total time: 2912.83s
                               ETA: 85.4s

################################################################################
                     [1m Learning iteration 1944/2000 [0m                     

                       Computation: 69489 steps/s (collection: 1.182s, learning 0.232s)
               Value function loss: 0.0177
                    Surrogate loss: -0.0043
              State estimator loss: 0.0222
             Mean action noise std: 3.35
                       Mean reward: 59.23
               Mean episode length: 1946.51
Mean episode rew_action_smoothness: -0.5386
     Mean episode rew_ankle_motion: -0.0178
    Mean episode rew_ankle_torques: -3.5635
         Mean episode rew_base_acc: 0.0669
      Mean episode rew_base_height: 0.0055
        Mean episode rew_collision: -0.0001
Mean episode rew_default_joint_pos: -0.0011
          Mean episode rew_dof_acc: -0.0497
   Mean episode rew_dof_pos_limits: -0.1438
Mean episode rew_dof_torque_limits: -0.0229
          Mean episode rew_dof_vel: -0.0000
   Mean episode rew_dof_vel_limits: -0.0959
    Mean episode rew_feet_air_time: 0.0387
   Mean episode rew_feet_clearance: 1.1895
Mean episode rew_feet_contact_forces: -0.2892
Mean episode rew_feet_contact_number: 0.4370
    Mean episode rew_feet_distance: 0.1488
    Mean episode rew_feet_rotation: 0.0000
        Mean episode rew_foot_slip: -0.2236
    Mean episode rew_knee_distance: 0.1440
        Mean episode rew_low_speed: 0.0588
      Mean episode rew_orientation: 0.0767
    Mean episode rew_ref_joint_pos: 0.0492
      Mean episode rew_stand_still: 0.0073
    Mean episode rew_stride_length: 0.1823
        Mean episode rew_toe_scuff: -0.0012
          Mean episode rew_torques: -0.0000
   Mean episode rew_track_vel_hard: 0.0380
 Mean episode rew_tracking_ang_vel: 0.5474
 Mean episode rew_tracking_lin_vel: 0.9355
 Mean episode rew_vel_mismatch_exp: 0.1175
        Mean episode terrain_level: 4.3052
        Mean episode max_command_x: 0.8000
--------------------------------------------------------------------------------
                   Total timesteps: 191201280
                    Iteration time: 1.41s
                        Total time: 2914.25s
                               ETA: 83.9s

################################################################################
                     [1m Learning iteration 1945/2000 [0m                     

                       Computation: 70358 steps/s (collection: 1.164s, learning 0.233s)
               Value function loss: 0.0193
                    Surrogate loss: -0.0052
              State estimator loss: 0.0219
             Mean action noise std: 3.36
                       Mean reward: 61.39
               Mean episode length: 2030.77
Mean episode rew_action_smoothness: -0.6095
     Mean episode rew_ankle_motion: -0.0205
    Mean episode rew_ankle_torques: -4.0191
         Mean episode rew_base_acc: 0.0749
      Mean episode rew_base_height: 0.0069
        Mean episode rew_collision: -0.0001
Mean episode rew_default_joint_pos: -0.0012
          Mean episode rew_dof_acc: -0.0620
   Mean episode rew_dof_pos_limits: -0.2142
Mean episode rew_dof_torque_limits: -0.0239
          Mean episode rew_dof_vel: -0.0000
   Mean episode rew_dof_vel_limits: -0.1197
    Mean episode rew_feet_air_time: 0.0433
   Mean episode rew_feet_clearance: 1.2727
Mean episode rew_feet_contact_forces: -0.3495
Mean episode rew_feet_contact_number: 0.4868
    Mean episode rew_feet_distance: 0.1670
    Mean episode rew_feet_rotation: 0.0000
        Mean episode rew_foot_slip: -0.2488
    Mean episode rew_knee_distance: 0.1611
        Mean episode rew_low_speed: 0.0619
      Mean episode rew_orientation: 0.0911
    Mean episode rew_ref_joint_pos: 0.0555
      Mean episode rew_stand_still: 0.0086
    Mean episode rew_stride_length: 0.2029
        Mean episode rew_toe_scuff: -0.0014
          Mean episode rew_torques: -0.0000
   Mean episode rew_track_vel_hard: 0.0436
 Mean episode rew_tracking_ang_vel: 0.6091
 Mean episode rew_tracking_lin_vel: 1.0569
 Mean episode rew_vel_mismatch_exp: 0.1328
        Mean episode terrain_level: 4.3068
        Mean episode max_command_x: 0.8000
--------------------------------------------------------------------------------
                   Total timesteps: 191299584
                    Iteration time: 1.40s
                        Total time: 2915.65s
                               ETA: 82.4s

################################################################################
                     [1m Learning iteration 1946/2000 [0m                     

                       Computation: 71285 steps/s (collection: 1.147s, learning 0.232s)
               Value function loss: 0.0211
                    Surrogate loss: -0.0037
              State estimator loss: 0.0222
             Mean action noise std: 3.36
                       Mean reward: 61.07
               Mean episode length: 2015.56
Mean episode rew_action_smoothness: -0.6221
     Mean episode rew_ankle_motion: -0.0204
    Mean episode rew_ankle_torques: -3.7116
         Mean episode rew_base_acc: 0.0762
      Mean episode rew_base_height: 0.0049
        Mean episode rew_collision: -0.0001
Mean episode rew_default_joint_pos: -0.0013
          Mean episode rew_dof_acc: -0.0592
   Mean episode rew_dof_pos_limits: -0.1846
Mean episode rew_dof_torque_limits: -0.0225
          Mean episode rew_dof_vel: -0.0000
   Mean episode rew_dof_vel_limits: -0.1103
    Mean episode rew_feet_air_time: 0.0427
   Mean episode rew_feet_clearance: 1.3200
Mean episode rew_feet_contact_forces: -0.3517
Mean episode rew_feet_contact_number: 0.4895
    Mean episode rew_feet_distance: 0.1694
    Mean episode rew_feet_rotation: 0.0000
        Mean episode rew_foot_slip: -0.2527
    Mean episode rew_knee_distance: 0.1654
        Mean episode rew_low_speed: 0.0586
      Mean episode rew_orientation: 0.0853
    Mean episode rew_ref_joint_pos: 0.0575
      Mean episode rew_stand_still: 0.0085
    Mean episode rew_stride_length: 0.2045
        Mean episode rew_toe_scuff: -0.0013
          Mean episode rew_torques: -0.0000
   Mean episode rew_track_vel_hard: 0.0435
 Mean episode rew_tracking_ang_vel: 0.6092
 Mean episode rew_tracking_lin_vel: 1.0590
 Mean episode rew_vel_mismatch_exp: 0.1355
        Mean episode terrain_level: 4.3096
        Mean episode max_command_x: 0.8000
--------------------------------------------------------------------------------
                   Total timesteps: 191397888
                    Iteration time: 1.38s
                        Total time: 2917.03s
                               ETA: 80.9s

################################################################################
                     [1m Learning iteration 1947/2000 [0m                     

                       Computation: 69819 steps/s (collection: 1.176s, learning 0.232s)
               Value function loss: 0.0181
                    Surrogate loss: -0.0054
              State estimator loss: 0.0230
             Mean action noise std: 3.36
                       Mean reward: 61.70
               Mean episode length: 2045.30
Mean episode rew_action_smoothness: -0.5655
     Mean episode rew_ankle_motion: -0.0188
    Mean episode rew_ankle_torques: -3.4861
         Mean episode rew_base_acc: 0.0694
      Mean episode rew_base_height: 0.0050
        Mean episode rew_collision: -0.0001
Mean episode rew_default_joint_pos: -0.0012
          Mean episode rew_dof_acc: -0.0600
   Mean episode rew_dof_pos_limits: -0.1609
Mean episode rew_dof_torque_limits: -0.0247
          Mean episode rew_dof_vel: -0.0000
   Mean episode rew_dof_vel_limits: -0.1085
    Mean episode rew_feet_air_time: 0.0389
   Mean episode rew_feet_clearance: 1.1666
Mean episode rew_feet_contact_forces: -0.3153
Mean episode rew_feet_contact_number: 0.4531
    Mean episode rew_feet_distance: 0.1542
    Mean episode rew_feet_rotation: 0.0000
        Mean episode rew_foot_slip: -0.2348
    Mean episode rew_knee_distance: 0.1493
        Mean episode rew_low_speed: 0.0604
      Mean episode rew_orientation: 0.0735
    Mean episode rew_ref_joint_pos: 0.0522
      Mean episode rew_stand_still: 0.0079
    Mean episode rew_stride_length: 0.1896
        Mean episode rew_toe_scuff: -0.0012
          Mean episode rew_torques: -0.0000
   Mean episode rew_track_vel_hard: 0.0387
 Mean episode rew_tracking_ang_vel: 0.5592
 Mean episode rew_tracking_lin_vel: 0.9576
 Mean episode rew_vel_mismatch_exp: 0.1235
        Mean episode terrain_level: 4.3103
        Mean episode max_command_x: 0.8000
--------------------------------------------------------------------------------
                   Total timesteps: 191496192
                    Iteration time: 1.41s
                        Total time: 2918.43s
                               ETA: 79.4s

################################################################################
                     [1m Learning iteration 1948/2000 [0m                     

                       Computation: 71625 steps/s (collection: 1.141s, learning 0.231s)
               Value function loss: 0.0185
                    Surrogate loss: -0.0025
              State estimator loss: 0.0227
             Mean action noise std: 3.36
                       Mean reward: 61.88
               Mean episode length: 2032.56
Mean episode rew_action_smoothness: -0.5875
     Mean episode rew_ankle_motion: -0.0201
    Mean episode rew_ankle_torques: -3.4561
         Mean episode rew_base_acc: 0.0766
      Mean episode rew_base_height: 0.0062
        Mean episode rew_collision: -0.0001
Mean episode rew_default_joint_pos: -0.0013
          Mean episode rew_dof_acc: -0.0551
   Mean episode rew_dof_pos_limits: -0.1754
Mean episode rew_dof_torque_limits: -0.0229
          Mean episode rew_dof_vel: -0.0000
   Mean episode rew_dof_vel_limits: -0.1009
    Mean episode rew_feet_air_time: 0.0422
   Mean episode rew_feet_clearance: 1.2570
Mean episode rew_feet_contact_forces: -0.3384
Mean episode rew_feet_contact_number: 0.5014
    Mean episode rew_feet_distance: 0.1669
    Mean episode rew_feet_rotation: 0.0000
        Mean episode rew_foot_slip: -0.2427
    Mean episode rew_knee_distance: 0.1634
        Mean episode rew_low_speed: 0.0540
      Mean episode rew_orientation: 0.0848
    Mean episode rew_ref_joint_pos: 0.0623
      Mean episode rew_stand_still: 0.0099
    Mean episode rew_stride_length: 0.2058
        Mean episode rew_toe_scuff: -0.0012
          Mean episode rew_torques: -0.0000
   Mean episode rew_track_vel_hard: 0.0466
 Mean episode rew_tracking_ang_vel: 0.6197
 Mean episode rew_tracking_lin_vel: 1.0490
 Mean episode rew_vel_mismatch_exp: 0.1377
        Mean episode terrain_level: 4.3109
        Mean episode max_command_x: 0.8000
--------------------------------------------------------------------------------
                   Total timesteps: 191594496
                    Iteration time: 1.37s
                        Total time: 2919.81s
                               ETA: 77.9s

################################################################################
                     [1m Learning iteration 1949/2000 [0m                     

                       Computation: 70415 steps/s (collection: 1.165s, learning 0.231s)
               Value function loss: 0.0184
                    Surrogate loss: -0.0063
              State estimator loss: 0.0231
             Mean action noise std: 3.36
                       Mean reward: 65.03
               Mean episode length: 2097.25
Mean episode rew_action_smoothness: -0.6240
     Mean episode rew_ankle_motion: -0.0211
    Mean episode rew_ankle_torques: -4.0455
         Mean episode rew_base_acc: 0.0811
      Mean episode rew_base_height: 0.0076
        Mean episode rew_collision: -0.0000
Mean episode rew_default_joint_pos: -0.0013
          Mean episode rew_dof_acc: -0.0692
   Mean episode rew_dof_pos_limits: -0.1710
Mean episode rew_dof_torque_limits: -0.0278
          Mean episode rew_dof_vel: -0.0000
   Mean episode rew_dof_vel_limits: -0.1189
    Mean episode rew_feet_air_time: 0.0454
   Mean episode rew_feet_clearance: 1.3856
Mean episode rew_feet_contact_forces: -0.3618
Mean episode rew_feet_contact_number: 0.5222
    Mean episode rew_feet_distance: 0.1759
    Mean episode rew_feet_rotation: 0.0000
        Mean episode rew_foot_slip: -0.2600
    Mean episode rew_knee_distance: 0.1707
        Mean episode rew_low_speed: 0.0600
      Mean episode rew_orientation: 0.0952
    Mean episode rew_ref_joint_pos: 0.0597
      Mean episode rew_stand_still: 0.0086
    Mean episode rew_stride_length: 0.2125
        Mean episode rew_toe_scuff: -0.0013
          Mean episode rew_torques: -0.0000
   Mean episode rew_track_vel_hard: 0.0477
 Mean episode rew_tracking_ang_vel: 0.6474
 Mean episode rew_tracking_lin_vel: 1.1155
 Mean episode rew_vel_mismatch_exp: 0.1417
        Mean episode terrain_level: 4.3120
        Mean episode max_command_x: 0.8000
--------------------------------------------------------------------------------
                   Total timesteps: 191692800
                    Iteration time: 1.40s
                        Total time: 2921.20s
                               ETA: 76.4s

################################################################################
                     [1m Learning iteration 1950/2000 [0m                     

                       Computation: 70403 steps/s (collection: 1.165s, learning 0.231s)
               Value function loss: 0.0188
                    Surrogate loss: -0.0040
              State estimator loss: 0.0235
             Mean action noise std: 3.36
                       Mean reward: 65.15
               Mean episode length: 2104.79
Mean episode rew_action_smoothness: -0.5861
     Mean episode rew_ankle_motion: -0.0200
    Mean episode rew_ankle_torques: -4.0481
         Mean episode rew_base_acc: 0.0764
      Mean episode rew_base_height: 0.0067
        Mean episode rew_collision: -0.0001
Mean episode rew_default_joint_pos: -0.0012
          Mean episode rew_dof_acc: -0.0612
   Mean episode rew_dof_pos_limits: -0.1858
Mean episode rew_dof_torque_limits: -0.0255
          Mean episode rew_dof_vel: -0.0000
   Mean episode rew_dof_vel_limits: -0.1086
    Mean episode rew_feet_air_time: 0.0431
   Mean episode rew_feet_clearance: 1.2704
Mean episode rew_feet_contact_forces: -0.3413
Mean episode rew_feet_contact_number: 0.5031
    Mean episode rew_feet_distance: 0.1652
    Mean episode rew_feet_rotation: 0.0000
        Mean episode rew_foot_slip: -0.2432
    Mean episode rew_knee_distance: 0.1615
        Mean episode rew_low_speed: 0.0583
      Mean episode rew_orientation: 0.0894
    Mean episode rew_ref_joint_pos: 0.0566
      Mean episode rew_stand_still: 0.0086
    Mean episode rew_stride_length: 0.2015
        Mean episode rew_toe_scuff: -0.0013
          Mean episode rew_torques: -0.0000
   Mean episode rew_track_vel_hard: 0.0450
 Mean episode rew_tracking_ang_vel: 0.6113
 Mean episode rew_tracking_lin_vel: 1.0519
 Mean episode rew_vel_mismatch_exp: 0.1344
        Mean episode terrain_level: 4.3118
        Mean episode max_command_x: 0.8000
--------------------------------------------------------------------------------
                   Total timesteps: 191791104
                    Iteration time: 1.40s
                        Total time: 2922.60s
                               ETA: 74.9s

################################################################################
                     [1m Learning iteration 1951/2000 [0m                     

                       Computation: 69781 steps/s (collection: 1.177s, learning 0.231s)
               Value function loss: 0.0223
                    Surrogate loss: -0.0045
              State estimator loss: 0.0227
             Mean action noise std: 3.36
                       Mean reward: 64.37
               Mean episode length: 2109.98
Mean episode rew_action_smoothness: -0.5919
     Mean episode rew_ankle_motion: -0.0196
    Mean episode rew_ankle_torques: -3.8141
         Mean episode rew_base_acc: 0.0740
      Mean episode rew_base_height: 0.0064
        Mean episode rew_collision: -0.0001
Mean episode rew_default_joint_pos: -0.0012
          Mean episode rew_dof_acc: -0.0595
   Mean episode rew_dof_pos_limits: -0.1806
Mean episode rew_dof_torque_limits: -0.0271
          Mean episode rew_dof_vel: -0.0000
   Mean episode rew_dof_vel_limits: -0.1115
    Mean episode rew_feet_air_time: 0.0423
   Mean episode rew_feet_clearance: 1.3056
Mean episode rew_feet_contact_forces: -0.3493
Mean episode rew_feet_contact_number: 0.4779
    Mean episode rew_feet_distance: 0.1648
    Mean episode rew_feet_rotation: 0.0000
        Mean episode rew_foot_slip: -0.2424
    Mean episode rew_knee_distance: 0.1579
        Mean episode rew_low_speed: 0.0572
      Mean episode rew_orientation: 0.0862
    Mean episode rew_ref_joint_pos: 0.0565
      Mean episode rew_stand_still: 0.0085
    Mean episode rew_stride_length: 0.2010
        Mean episode rew_toe_scuff: -0.0011
          Mean episode rew_torques: -0.0000
   Mean episode rew_track_vel_hard: 0.0406
 Mean episode rew_tracking_ang_vel: 0.5959
 Mean episode rew_tracking_lin_vel: 1.0293
 Mean episode rew_vel_mismatch_exp: 0.1300
        Mean episode terrain_level: 4.3128
        Mean episode max_command_x: 0.8000
--------------------------------------------------------------------------------
                   Total timesteps: 191889408
                    Iteration time: 1.41s
                        Total time: 2924.01s
                               ETA: 73.4s

################################################################################
                     [1m Learning iteration 1952/2000 [0m                     

                       Computation: 70550 steps/s (collection: 1.161s, learning 0.233s)
               Value function loss: 0.0186
                    Surrogate loss: -0.0038
              State estimator loss: 0.0224
             Mean action noise std: 3.36
                       Mean reward: 61.28
               Mean episode length: 2015.56
Mean episode rew_action_smoothness: -0.6001
     Mean episode rew_ankle_motion: -0.0198
    Mean episode rew_ankle_torques: -3.9140
         Mean episode rew_base_acc: 0.0726
      Mean episode rew_base_height: 0.0067
        Mean episode rew_collision: -0.0001
Mean episode rew_default_joint_pos: -0.0012
          Mean episode rew_dof_acc: -0.0650
   Mean episode rew_dof_pos_limits: -0.1843
Mean episode rew_dof_torque_limits: -0.0236
          Mean episode rew_dof_vel: -0.0000
   Mean episode rew_dof_vel_limits: -0.1121
    Mean episode rew_feet_air_time: 0.0430
   Mean episode rew_feet_clearance: 1.2726
Mean episode rew_feet_contact_forces: -0.3614
Mean episode rew_feet_contact_number: 0.4819
    Mean episode rew_feet_distance: 0.1663
    Mean episode rew_feet_rotation: 0.0000
        Mean episode rew_foot_slip: -0.2455
    Mean episode rew_knee_distance: 0.1606
        Mean episode rew_low_speed: 0.0717
      Mean episode rew_orientation: 0.0825
    Mean episode rew_ref_joint_pos: 0.0558
      Mean episode rew_stand_still: 0.0079
    Mean episode rew_stride_length: 0.2003
        Mean episode rew_toe_scuff: -0.0015
          Mean episode rew_torques: -0.0000
   Mean episode rew_track_vel_hard: 0.0429
 Mean episode rew_tracking_ang_vel: 0.5981
 Mean episode rew_tracking_lin_vel: 1.0486
 Mean episode rew_vel_mismatch_exp: 0.1284
        Mean episode terrain_level: 4.3151
        Mean episode max_command_x: 0.8000
--------------------------------------------------------------------------------
                   Total timesteps: 191987712
                    Iteration time: 1.39s
                        Total time: 2925.40s
                               ETA: 71.9s

################################################################################
                     [1m Learning iteration 1953/2000 [0m                     

                       Computation: 69819 steps/s (collection: 1.175s, learning 0.233s)
               Value function loss: 0.0199
                    Surrogate loss: -0.0062
              State estimator loss: 0.0219
             Mean action noise std: 3.37
                       Mean reward: 63.17
               Mean episode length: 2075.92
Mean episode rew_action_smoothness: -0.5607
     Mean episode rew_ankle_motion: -0.0186
    Mean episode rew_ankle_torques: -3.6413
         Mean episode rew_base_acc: 0.0709
      Mean episode rew_base_height: 0.0076
        Mean episode rew_collision: -0.0001
Mean episode rew_default_joint_pos: -0.0012
          Mean episode rew_dof_acc: -0.0566
   Mean episode rew_dof_pos_limits: -0.1704
Mean episode rew_dof_torque_limits: -0.0255
          Mean episode rew_dof_vel: -0.0000
   Mean episode rew_dof_vel_limits: -0.1096
    Mean episode rew_feet_air_time: 0.0407
   Mean episode rew_feet_clearance: 1.2597
Mean episode rew_feet_contact_forces: -0.3112
Mean episode rew_feet_contact_number: 0.4590
    Mean episode rew_feet_distance: 0.1565
    Mean episode rew_feet_rotation: 0.0000
        Mean episode rew_foot_slip: -0.2314
    Mean episode rew_knee_distance: 0.1514
        Mean episode rew_low_speed: 0.0573
      Mean episode rew_orientation: 0.0812
    Mean episode rew_ref_joint_pos: 0.0540
      Mean episode rew_stand_still: 0.0076
    Mean episode rew_stride_length: 0.1899
        Mean episode rew_toe_scuff: -0.0012
          Mean episode rew_torques: -0.0000
   Mean episode rew_track_vel_hard: 0.0411
 Mean episode rew_tracking_ang_vel: 0.5712
 Mean episode rew_tracking_lin_vel: 0.9915
 Mean episode rew_vel_mismatch_exp: 0.1260
        Mean episode terrain_level: 4.3163
        Mean episode max_command_x: 0.8000
--------------------------------------------------------------------------------
                   Total timesteps: 192086016
                    Iteration time: 1.41s
                        Total time: 2926.81s
                               ETA: 70.4s

################################################################################
                     [1m Learning iteration 1954/2000 [0m                     

                       Computation: 67688 steps/s (collection: 1.217s, learning 0.236s)
               Value function loss: 0.0197
                    Surrogate loss: -0.0012
              State estimator loss: 0.0230
             Mean action noise std: 3.37
                       Mean reward: 65.95
               Mean episode length: 2131.76
Mean episode rew_action_smoothness: -0.6118
     Mean episode rew_ankle_motion: -0.0206
    Mean episode rew_ankle_torques: -4.0344
         Mean episode rew_base_acc: 0.0786
      Mean episode rew_base_height: 0.0068
        Mean episode rew_collision: -0.0001
Mean episode rew_default_joint_pos: -0.0013
          Mean episode rew_dof_acc: -0.0724
   Mean episode rew_dof_pos_limits: -0.1760
Mean episode rew_dof_torque_limits: -0.0274
          Mean episode rew_dof_vel: -0.0000
   Mean episode rew_dof_vel_limits: -0.1188
    Mean episode rew_feet_air_time: 0.0449
   Mean episode rew_feet_clearance: 1.3301
Mean episode rew_feet_contact_forces: -0.3510
Mean episode rew_feet_contact_number: 0.5194
    Mean episode rew_feet_distance: 0.1725
    Mean episode rew_feet_rotation: 0.0000
        Mean episode rew_foot_slip: -0.2542
    Mean episode rew_knee_distance: 0.1675
        Mean episode rew_low_speed: 0.0576
      Mean episode rew_orientation: 0.0919
    Mean episode rew_ref_joint_pos: 0.0581
      Mean episode rew_stand_still: 0.0088
    Mean episode rew_stride_length: 0.2095
        Mean episode rew_toe_scuff: -0.0013
          Mean episode rew_torques: -0.0000
   Mean episode rew_track_vel_hard: 0.0443
 Mean episode rew_tracking_ang_vel: 0.6268
 Mean episode rew_tracking_lin_vel: 1.0863
 Mean episode rew_vel_mismatch_exp: 0.1393
        Mean episode terrain_level: 4.3184
        Mean episode max_command_x: 0.8000
--------------------------------------------------------------------------------
                   Total timesteps: 192184320
                    Iteration time: 1.45s
                        Total time: 2928.26s
                               ETA: 68.9s

################################################################################
                     [1m Learning iteration 1955/2000 [0m                     

                       Computation: 66820 steps/s (collection: 1.238s, learning 0.233s)
               Value function loss: 0.0196
                    Surrogate loss: -0.0055
              State estimator loss: 0.0228
             Mean action noise std: 3.37
                       Mean reward: 68.89
               Mean episode length: 2223.10
Mean episode rew_action_smoothness: -0.6652
     Mean episode rew_ankle_motion: -0.0227
    Mean episode rew_ankle_torques: -4.2958
         Mean episode rew_base_acc: 0.0858
      Mean episode rew_base_height: 0.0060
        Mean episode rew_collision: -0.0000
Mean episode rew_default_joint_pos: -0.0014
          Mean episode rew_dof_acc: -0.0612
   Mean episode rew_dof_pos_limits: -0.1997
Mean episode rew_dof_torque_limits: -0.0244
          Mean episode rew_dof_vel: -0.0000
   Mean episode rew_dof_vel_limits: -0.1081
    Mean episode rew_feet_air_time: 0.0476
   Mean episode rew_feet_clearance: 1.3884
Mean episode rew_feet_contact_forces: -0.3823
Mean episode rew_feet_contact_number: 0.5590
    Mean episode rew_feet_distance: 0.1839
    Mean episode rew_feet_rotation: 0.0000
        Mean episode rew_foot_slip: -0.2743
    Mean episode rew_knee_distance: 0.1788
        Mean episode rew_low_speed: 0.0744
      Mean episode rew_orientation: 0.0949
    Mean episode rew_ref_joint_pos: 0.0622
      Mean episode rew_stand_still: 0.0086
    Mean episode rew_stride_length: 0.2269
        Mean episode rew_toe_scuff: -0.0015
          Mean episode rew_torques: -0.0000
   Mean episode rew_track_vel_hard: 0.0546
 Mean episode rew_tracking_ang_vel: 0.6908
 Mean episode rew_tracking_lin_vel: 1.2032
 Mean episode rew_vel_mismatch_exp: 0.1543
        Mean episode terrain_level: 4.3220
        Mean episode max_command_x: 0.8000
--------------------------------------------------------------------------------
                   Total timesteps: 192282624
                    Iteration time: 1.47s
                        Total time: 2929.73s
                               ETA: 67.4s

################################################################################
                     [1m Learning iteration 1956/2000 [0m                     

                       Computation: 66899 steps/s (collection: 1.237s, learning 0.233s)
               Value function loss: 0.0172
                    Surrogate loss: -0.0041
              State estimator loss: 0.0233
             Mean action noise std: 3.37
                       Mean reward: 65.00
               Mean episode length: 2112.37
Mean episode rew_action_smoothness: -0.6030
     Mean episode rew_ankle_motion: -0.0197
    Mean episode rew_ankle_torques: -3.9434
         Mean episode rew_base_acc: 0.0746
      Mean episode rew_base_height: 0.0063
        Mean episode rew_collision: -0.0001
Mean episode rew_default_joint_pos: -0.0012
          Mean episode rew_dof_acc: -0.0630
   Mean episode rew_dof_pos_limits: -0.1564
Mean episode rew_dof_torque_limits: -0.0297
          Mean episode rew_dof_vel: -0.0000
   Mean episode rew_dof_vel_limits: -0.1137
    Mean episode rew_feet_air_time: 0.0424
   Mean episode rew_feet_clearance: 1.3190
Mean episode rew_feet_contact_forces: -0.3671
Mean episode rew_feet_contact_number: 0.4779
    Mean episode rew_feet_distance: 0.1661
    Mean episode rew_feet_rotation: 0.0000
        Mean episode rew_foot_slip: -0.2463
    Mean episode rew_knee_distance: 0.1606
        Mean episode rew_low_speed: 0.0665
      Mean episode rew_orientation: 0.0870
    Mean episode rew_ref_joint_pos: 0.0565
      Mean episode rew_stand_still: 0.0087
    Mean episode rew_stride_length: 0.2009
        Mean episode rew_toe_scuff: -0.0012
          Mean episode rew_torques: -0.0000
   Mean episode rew_track_vel_hard: 0.0451
 Mean episode rew_tracking_ang_vel: 0.6090
 Mean episode rew_tracking_lin_vel: 1.0436
 Mean episode rew_vel_mismatch_exp: 0.1295
        Mean episode terrain_level: 4.3271
        Mean episode max_command_x: 0.8000
--------------------------------------------------------------------------------
                   Total timesteps: 192380928
                    Iteration time: 1.47s
                        Total time: 2931.20s
                               ETA: 65.9s

################################################################################
                     [1m Learning iteration 1957/2000 [0m                     

                       Computation: 68044 steps/s (collection: 1.212s, learning 0.232s)
               Value function loss: 0.0168
                    Surrogate loss: -0.0077
              State estimator loss: 0.0228
             Mean action noise std: 3.37
                       Mean reward: 65.33
               Mean episode length: 2083.45
Mean episode rew_action_smoothness: -0.6341
     Mean episode rew_ankle_motion: -0.0208
    Mean episode rew_ankle_torques: -3.9752
         Mean episode rew_base_acc: 0.0787
      Mean episode rew_base_height: 0.0072
        Mean episode rew_collision: -0.0001
Mean episode rew_default_joint_pos: -0.0012
          Mean episode rew_dof_acc: -0.0664
   Mean episode rew_dof_pos_limits: -0.1526
Mean episode rew_dof_torque_limits: -0.0316
          Mean episode rew_dof_vel: -0.0000
   Mean episode rew_dof_vel_limits: -0.1182
    Mean episode rew_feet_air_time: 0.0458
   Mean episode rew_feet_clearance: 1.4112
Mean episode rew_feet_contact_forces: -0.3826
Mean episode rew_feet_contact_number: 0.5181
    Mean episode rew_feet_distance: 0.1767
    Mean episode rew_feet_rotation: 0.0000
        Mean episode rew_foot_slip: -0.2571
    Mean episode rew_knee_distance: 0.1702
        Mean episode rew_low_speed: 0.0681
      Mean episode rew_orientation: 0.0888
    Mean episode rew_ref_joint_pos: 0.0594
      Mean episode rew_stand_still: 0.0092
    Mean episode rew_stride_length: 0.2144
        Mean episode rew_toe_scuff: -0.0013
          Mean episode rew_torques: -0.0000
   Mean episode rew_track_vel_hard: 0.0483
 Mean episode rew_tracking_ang_vel: 0.6483
 Mean episode rew_tracking_lin_vel: 1.1221
 Mean episode rew_vel_mismatch_exp: 0.1370
        Mean episode terrain_level: 4.3293
        Mean episode max_command_x: 0.8000
--------------------------------------------------------------------------------
                   Total timesteps: 192479232
                    Iteration time: 1.44s
                        Total time: 2932.65s
                               ETA: 64.4s

################################################################################
                     [1m Learning iteration 1958/2000 [0m                     

                       Computation: 70293 steps/s (collection: 1.168s, learning 0.231s)
               Value function loss: 0.0178
                    Surrogate loss: -0.0057
              State estimator loss: 0.0226
             Mean action noise std: 3.37
                       Mean reward: 69.26
               Mean episode length: 2199.88
Mean episode rew_action_smoothness: -0.6278
     Mean episode rew_ankle_motion: -0.0213
    Mean episode rew_ankle_torques: -4.0544
         Mean episode rew_base_acc: 0.0811
      Mean episode rew_base_height: 0.0074
        Mean episode rew_collision: -0.0000
Mean episode rew_default_joint_pos: -0.0013
          Mean episode rew_dof_acc: -0.0654
   Mean episode rew_dof_pos_limits: -0.1744
Mean episode rew_dof_torque_limits: -0.0252
          Mean episode rew_dof_vel: -0.0000
   Mean episode rew_dof_vel_limits: -0.1237
    Mean episode rew_feet_air_time: 0.0461
   Mean episode rew_feet_clearance: 1.4337
Mean episode rew_feet_contact_forces: -0.3614
Mean episode rew_feet_contact_number: 0.5242
    Mean episode rew_feet_distance: 0.1771
    Mean episode rew_feet_rotation: 0.0000
        Mean episode rew_foot_slip: -0.2606
    Mean episode rew_knee_distance: 0.1731
        Mean episode rew_low_speed: 0.0703
      Mean episode rew_orientation: 0.0966
    Mean episode rew_ref_joint_pos: 0.0593
      Mean episode rew_stand_still: 0.0081
    Mean episode rew_stride_length: 0.2133
        Mean episode rew_toe_scuff: -0.0012
          Mean episode rew_torques: -0.0000
   Mean episode rew_track_vel_hard: 0.0485
 Mean episode rew_tracking_ang_vel: 0.6502
 Mean episode rew_tracking_lin_vel: 1.1325
 Mean episode rew_vel_mismatch_exp: 0.1420
        Mean episode terrain_level: 4.3321
        Mean episode max_command_x: 0.8000
--------------------------------------------------------------------------------
                   Total timesteps: 192577536
                    Iteration time: 1.40s
                        Total time: 2934.04s
                               ETA: 62.9s

################################################################################
                     [1m Learning iteration 1959/2000 [0m                     

                       Computation: 68656 steps/s (collection: 1.201s, learning 0.230s)
               Value function loss: 0.0168
                    Surrogate loss: -0.0043
              State estimator loss: 0.0229
             Mean action noise std: 3.37
                       Mean reward: 64.08
               Mean episode length: 2049.18
Mean episode rew_action_smoothness: -0.5886
     Mean episode rew_ankle_motion: -0.0194
    Mean episode rew_ankle_torques: -3.4961
         Mean episode rew_base_acc: 0.0722
      Mean episode rew_base_height: 0.0058
        Mean episode rew_collision: -0.0001
Mean episode rew_default_joint_pos: -0.0012
          Mean episode rew_dof_acc: -0.0618
   Mean episode rew_dof_pos_limits: -0.1707
Mean episode rew_dof_torque_limits: -0.0212
          Mean episode rew_dof_vel: -0.0000
   Mean episode rew_dof_vel_limits: -0.1103
    Mean episode rew_feet_air_time: 0.0416
   Mean episode rew_feet_clearance: 1.2084
Mean episode rew_feet_contact_forces: -0.3288
Mean episode rew_feet_contact_number: 0.4864
    Mean episode rew_feet_distance: 0.1613
    Mean episode rew_feet_rotation: 0.0000
        Mean episode rew_foot_slip: -0.2416
    Mean episode rew_knee_distance: 0.1564
        Mean episode rew_low_speed: 0.0681
      Mean episode rew_orientation: 0.0818
    Mean episode rew_ref_joint_pos: 0.0545
      Mean episode rew_stand_still: 0.0076
    Mean episode rew_stride_length: 0.1980
        Mean episode rew_toe_scuff: -0.0014
          Mean episode rew_torques: -0.0000
   Mean episode rew_track_vel_hard: 0.0447
 Mean episode rew_tracking_ang_vel: 0.5952
 Mean episode rew_tracking_lin_vel: 1.0291
 Mean episode rew_vel_mismatch_exp: 0.1294
        Mean episode terrain_level: 4.3343
        Mean episode max_command_x: 0.8000
--------------------------------------------------------------------------------
                   Total timesteps: 192675840
                    Iteration time: 1.43s
                        Total time: 2935.48s
                               ETA: 61.4s

################################################################################
                     [1m Learning iteration 1960/2000 [0m                     

                       Computation: 72065 steps/s (collection: 1.133s, learning 0.231s)
               Value function loss: 0.0191
                    Surrogate loss: -0.0042
              State estimator loss: 0.0229
             Mean action noise std: 3.37
                       Mean reward: 60.88
               Mean episode length: 1964.09
Mean episode rew_action_smoothness: -0.5671
     Mean episode rew_ankle_motion: -0.0186
    Mean episode rew_ankle_torques: -3.4398
         Mean episode rew_base_acc: 0.0689
      Mean episode rew_base_height: 0.0063
        Mean episode rew_collision: -0.0001
Mean episode rew_default_joint_pos: -0.0012
          Mean episode rew_dof_acc: -0.0597
   Mean episode rew_dof_pos_limits: -0.1722
Mean episode rew_dof_torque_limits: -0.0219
          Mean episode rew_dof_vel: -0.0000
   Mean episode rew_dof_vel_limits: -0.1102
    Mean episode rew_feet_air_time: 0.0407
   Mean episode rew_feet_clearance: 1.1935
Mean episode rew_feet_contact_forces: -0.3164
Mean episode rew_feet_contact_number: 0.4654
    Mean episode rew_feet_distance: 0.1559
    Mean episode rew_feet_rotation: 0.0000
        Mean episode rew_foot_slip: -0.2336
    Mean episode rew_knee_distance: 0.1506
        Mean episode rew_low_speed: 0.0565
      Mean episode rew_orientation: 0.0835
    Mean episode rew_ref_joint_pos: 0.0505
      Mean episode rew_stand_still: 0.0085
    Mean episode rew_stride_length: 0.1898
        Mean episode rew_toe_scuff: -0.0013
          Mean episode rew_torques: -0.0000
   Mean episode rew_track_vel_hard: 0.0399
 Mean episode rew_tracking_ang_vel: 0.5713
 Mean episode rew_tracking_lin_vel: 0.9896
 Mean episode rew_vel_mismatch_exp: 0.1224
        Mean episode terrain_level: 4.3352
        Mean episode max_command_x: 0.8000
--------------------------------------------------------------------------------
                   Total timesteps: 192774144
                    Iteration time: 1.36s
                        Total time: 2936.84s
                               ETA: 59.9s

################################################################################
                     [1m Learning iteration 1961/2000 [0m                     

                       Computation: 70436 steps/s (collection: 1.165s, learning 0.231s)
               Value function loss: 0.0201
                    Surrogate loss: -0.0047
              State estimator loss: 0.0225
             Mean action noise std: 3.38
                       Mean reward: 58.27
               Mean episode length: 1922.96
Mean episode rew_action_smoothness: -0.6107
     Mean episode rew_ankle_motion: -0.0197
    Mean episode rew_ankle_torques: -3.8787
         Mean episode rew_base_acc: 0.0735
      Mean episode rew_base_height: 0.0054
        Mean episode rew_collision: -0.0001
Mean episode rew_default_joint_pos: -0.0012
          Mean episode rew_dof_acc: -0.0595
   Mean episode rew_dof_pos_limits: -0.1945
Mean episode rew_dof_torque_limits: -0.0270
          Mean episode rew_dof_vel: -0.0000
   Mean episode rew_dof_vel_limits: -0.1091
    Mean episode rew_feet_air_time: 0.0420
   Mean episode rew_feet_clearance: 1.2488
Mean episode rew_feet_contact_forces: -0.3533
Mean episode rew_feet_contact_number: 0.4797
    Mean episode rew_feet_distance: 0.1625
    Mean episode rew_feet_rotation: 0.0000
        Mean episode rew_foot_slip: -0.2484
    Mean episode rew_knee_distance: 0.1562
        Mean episode rew_low_speed: 0.0646
      Mean episode rew_orientation: 0.0809
    Mean episode rew_ref_joint_pos: 0.0516
      Mean episode rew_stand_still: 0.0073
    Mean episode rew_stride_length: 0.1981
        Mean episode rew_toe_scuff: -0.0014
          Mean episode rew_torques: -0.0000
   Mean episode rew_track_vel_hard: 0.0441
 Mean episode rew_tracking_ang_vel: 0.6028
 Mean episode rew_tracking_lin_vel: 1.0354
 Mean episode rew_vel_mismatch_exp: 0.1275
        Mean episode terrain_level: 4.3352
        Mean episode max_command_x: 0.8000
--------------------------------------------------------------------------------
                   Total timesteps: 192872448
                    Iteration time: 1.40s
                        Total time: 2938.24s
                               ETA: 58.4s

################################################################################
                     [1m Learning iteration 1962/2000 [0m                     

                       Computation: 72297 steps/s (collection: 1.129s, learning 0.231s)
               Value function loss: 0.0262
                    Surrogate loss: -0.0013
              State estimator loss: 0.0228
             Mean action noise std: 3.38
                       Mean reward: 62.59
               Mean episode length: 2024.30
Mean episode rew_action_smoothness: -0.5997
     Mean episode rew_ankle_motion: -0.0196
    Mean episode rew_ankle_torques: -3.7385
         Mean episode rew_base_acc: 0.0742
      Mean episode rew_base_height: 0.0059
        Mean episode rew_collision: -0.0001
Mean episode rew_default_joint_pos: -0.0012
          Mean episode rew_dof_acc: -0.0590
   Mean episode rew_dof_pos_limits: -0.1496
Mean episode rew_dof_torque_limits: -0.0275
          Mean episode rew_dof_vel: -0.0000
   Mean episode rew_dof_vel_limits: -0.1116
    Mean episode rew_feet_air_time: 0.0424
   Mean episode rew_feet_clearance: 1.3473
Mean episode rew_feet_contact_forces: -0.3496
Mean episode rew_feet_contact_number: 0.4734
    Mean episode rew_feet_distance: 0.1637
    Mean episode rew_feet_rotation: 0.0000
        Mean episode rew_foot_slip: -0.2380
    Mean episode rew_knee_distance: 0.1577
        Mean episode rew_low_speed: 0.0683
      Mean episode rew_orientation: 0.0816
    Mean episode rew_ref_joint_pos: 0.0543
      Mean episode rew_stand_still: 0.0076
    Mean episode rew_stride_length: 0.2000
        Mean episode rew_toe_scuff: -0.0010
          Mean episode rew_torques: -0.0000
   Mean episode rew_track_vel_hard: 0.0463
 Mean episode rew_tracking_ang_vel: 0.6109
 Mean episode rew_tracking_lin_vel: 1.0442
 Mean episode rew_vel_mismatch_exp: 0.1286
        Mean episode terrain_level: 4.3374
        Mean episode max_command_x: 0.8000
--------------------------------------------------------------------------------
                   Total timesteps: 192970752
                    Iteration time: 1.36s
                        Total time: 2939.60s
                               ETA: 56.9s

################################################################################
                     [1m Learning iteration 1963/2000 [0m                     

                       Computation: 70756 steps/s (collection: 1.159s, learning 0.231s)
               Value function loss: 0.0225
                    Surrogate loss: -0.0055
              State estimator loss: 0.0232
             Mean action noise std: 3.38
                       Mean reward: 66.38
               Mean episode length: 2128.61
Mean episode rew_action_smoothness: -0.6240
     Mean episode rew_ankle_motion: -0.0204
    Mean episode rew_ankle_torques: -3.9235
         Mean episode rew_base_acc: 0.0760
      Mean episode rew_base_height: 0.0061
        Mean episode rew_collision: -0.0001
Mean episode rew_default_joint_pos: -0.0013
          Mean episode rew_dof_acc: -0.0620
   Mean episode rew_dof_pos_limits: -0.1644
Mean episode rew_dof_torque_limits: -0.0306
          Mean episode rew_dof_vel: -0.0000
   Mean episode rew_dof_vel_limits: -0.1118
    Mean episode rew_feet_air_time: 0.0439
   Mean episode rew_feet_clearance: 1.3033
Mean episode rew_feet_contact_forces: -0.3773
Mean episode rew_feet_contact_number: 0.4973
    Mean episode rew_feet_distance: 0.1701
    Mean episode rew_feet_rotation: 0.0000
        Mean episode rew_foot_slip: -0.2500
    Mean episode rew_knee_distance: 0.1652
        Mean episode rew_low_speed: 0.0655
      Mean episode rew_orientation: 0.0838
    Mean episode rew_ref_joint_pos: 0.0564
      Mean episode rew_stand_still: 0.0082
    Mean episode rew_stride_length: 0.2071
        Mean episode rew_toe_scuff: -0.0014
          Mean episode rew_torques: -0.0000
   Mean episode rew_track_vel_hard: 0.0450
 Mean episode rew_tracking_ang_vel: 0.6220
 Mean episode rew_tracking_lin_vel: 1.0779
 Mean episode rew_vel_mismatch_exp: 0.1330
        Mean episode terrain_level: 4.3407
        Mean episode max_command_x: 0.8000
--------------------------------------------------------------------------------
                   Total timesteps: 193069056
                    Iteration time: 1.39s
                        Total time: 2940.98s
                               ETA: 55.4s

################################################################################
                     [1m Learning iteration 1964/2000 [0m                     

                       Computation: 71688 steps/s (collection: 1.141s, learning 0.231s)
               Value function loss: 0.0193
                    Surrogate loss: -0.0053
              State estimator loss: 0.0234
             Mean action noise std: 3.38
                       Mean reward: 62.13
               Mean episode length: 2008.98
Mean episode rew_action_smoothness: -0.5596
     Mean episode rew_ankle_motion: -0.0187
    Mean episode rew_ankle_torques: -3.3307
         Mean episode rew_base_acc: 0.0704
      Mean episode rew_base_height: 0.0067
        Mean episode rew_collision: -0.0001
Mean episode rew_default_joint_pos: -0.0012
          Mean episode rew_dof_acc: -0.0632
   Mean episode rew_dof_pos_limits: -0.1687
Mean episode rew_dof_torque_limits: -0.0300
          Mean episode rew_dof_vel: -0.0000
   Mean episode rew_dof_vel_limits: -0.1164
    Mean episode rew_feet_air_time: 0.0407
   Mean episode rew_feet_clearance: 1.2761
Mean episode rew_feet_contact_forces: -0.3301
Mean episode rew_feet_contact_number: 0.4673
    Mean episode rew_feet_distance: 0.1571
    Mean episode rew_feet_rotation: 0.0000
        Mean episode rew_foot_slip: -0.2334
    Mean episode rew_knee_distance: 0.1497
        Mean episode rew_low_speed: 0.0541
      Mean episode rew_orientation: 0.0778
    Mean episode rew_ref_joint_pos: 0.0530
      Mean episode rew_stand_still: 0.0076
    Mean episode rew_stride_length: 0.1907
        Mean episode rew_toe_scuff: -0.0012
          Mean episode rew_torques: -0.0000
   Mean episode rew_track_vel_hard: 0.0390
 Mean episode rew_tracking_ang_vel: 0.5697
 Mean episode rew_tracking_lin_vel: 0.9766
 Mean episode rew_vel_mismatch_exp: 0.1210
        Mean episode terrain_level: 4.3418
        Mean episode max_command_x: 0.8000
--------------------------------------------------------------------------------
                   Total timesteps: 193167360
                    Iteration time: 1.37s
                        Total time: 2942.36s
                               ETA: 53.9s

################################################################################
                     [1m Learning iteration 1965/2000 [0m                     

                       Computation: 69557 steps/s (collection: 1.182s, learning 0.231s)
               Value function loss: 0.0217
                    Surrogate loss: -0.0049
              State estimator loss: 0.0232
             Mean action noise std: 3.38
                       Mean reward: 60.06
               Mean episode length: 1969.59
Mean episode rew_action_smoothness: -0.6075
     Mean episode rew_ankle_motion: -0.0198
    Mean episode rew_ankle_torques: -3.7485
         Mean episode rew_base_acc: 0.0715
      Mean episode rew_base_height: 0.0062
        Mean episode rew_collision: -0.0001
Mean episode rew_default_joint_pos: -0.0012
          Mean episode rew_dof_acc: -0.0598
   Mean episode rew_dof_pos_limits: -0.1779
Mean episode rew_dof_torque_limits: -0.0218
          Mean episode rew_dof_vel: -0.0000
   Mean episode rew_dof_vel_limits: -0.1088
    Mean episode rew_feet_air_time: 0.0417
   Mean episode rew_feet_clearance: 1.3274
Mean episode rew_feet_contact_forces: -0.3076
Mean episode rew_feet_contact_number: 0.4689
    Mean episode rew_feet_distance: 0.1623
    Mean episode rew_feet_rotation: 0.0000
        Mean episode rew_foot_slip: -0.2411
    Mean episode rew_knee_distance: 0.1571
        Mean episode rew_low_speed: 0.0612
      Mean episode rew_orientation: 0.0860
    Mean episode rew_ref_joint_pos: 0.0567
      Mean episode rew_stand_still: 0.0088
    Mean episode rew_stride_length: 0.1989
        Mean episode rew_toe_scuff: -0.0012
          Mean episode rew_torques: -0.0000
   Mean episode rew_track_vel_hard: 0.0388
 Mean episode rew_tracking_ang_vel: 0.5929
 Mean episode rew_tracking_lin_vel: 1.0049
 Mean episode rew_vel_mismatch_exp: 0.1267
        Mean episode terrain_level: 4.3419
        Mean episode max_command_x: 0.8000
--------------------------------------------------------------------------------
                   Total timesteps: 193265664
                    Iteration time: 1.41s
                        Total time: 2943.77s
                               ETA: 52.4s

################################################################################
                     [1m Learning iteration 1966/2000 [0m                     

                       Computation: 71045 steps/s (collection: 1.153s, learning 0.231s)
               Value function loss: 0.0220
                    Surrogate loss: -0.0074
              State estimator loss: 0.0229
             Mean action noise std: 3.38
                       Mean reward: 60.77
               Mean episode length: 2019.02
Mean episode rew_action_smoothness: -0.5907
     Mean episode rew_ankle_motion: -0.0195
    Mean episode rew_ankle_torques: -3.7830
         Mean episode rew_base_acc: 0.0740
      Mean episode rew_base_height: 0.0066
        Mean episode rew_collision: -0.0001
Mean episode rew_default_joint_pos: -0.0012
          Mean episode rew_dof_acc: -0.0560
   Mean episode rew_dof_pos_limits: -0.1781
Mean episode rew_dof_torque_limits: -0.0269
          Mean episode rew_dof_vel: -0.0000
   Mean episode rew_dof_vel_limits: -0.1049
    Mean episode rew_feet_air_time: 0.0418
   Mean episode rew_feet_clearance: 1.2847
Mean episode rew_feet_contact_forces: -0.3356
Mean episode rew_feet_contact_number: 0.4779
    Mean episode rew_feet_distance: 0.1617
    Mean episode rew_feet_rotation: 0.0000
        Mean episode rew_foot_slip: -0.2416
    Mean episode rew_knee_distance: 0.1571
        Mean episode rew_low_speed: 0.0527
      Mean episode rew_orientation: 0.0907
    Mean episode rew_ref_joint_pos: 0.0557
      Mean episode rew_stand_still: 0.0091
    Mean episode rew_stride_length: 0.1997
        Mean episode rew_toe_scuff: -0.0015
          Mean episode rew_torques: -0.0000
   Mean episode rew_track_vel_hard: 0.0414
 Mean episode rew_tracking_ang_vel: 0.6010
 Mean episode rew_tracking_lin_vel: 1.0208
 Mean episode rew_vel_mismatch_exp: 0.1302
        Mean episode terrain_level: 4.3429
        Mean episode max_command_x: 0.8000
--------------------------------------------------------------------------------
                   Total timesteps: 193363968
                    Iteration time: 1.38s
                        Total time: 2945.15s
                               ETA: 50.9s

################################################################################
                     [1m Learning iteration 1967/2000 [0m                     

                       Computation: 70226 steps/s (collection: 1.168s, learning 0.232s)
               Value function loss: 0.0212
                    Surrogate loss: -0.0054
              State estimator loss: 0.0227
             Mean action noise std: 3.39
                       Mean reward: 64.39
               Mean episode length: 2093.28
Mean episode rew_action_smoothness: -0.6145
     Mean episode rew_ankle_motion: -0.0199
    Mean episode rew_ankle_torques: -3.7586
         Mean episode rew_base_acc: 0.0767
      Mean episode rew_base_height: 0.0071
        Mean episode rew_collision: -0.0001
Mean episode rew_default_joint_pos: -0.0012
          Mean episode rew_dof_acc: -0.0582
   Mean episode rew_dof_pos_limits: -0.1470
Mean episode rew_dof_torque_limits: -0.0285
          Mean episode rew_dof_vel: -0.0000
   Mean episode rew_dof_vel_limits: -0.1050
    Mean episode rew_feet_air_time: 0.0441
   Mean episode rew_feet_clearance: 1.3214
Mean episode rew_feet_contact_forces: -0.3514
Mean episode rew_feet_contact_number: 0.5024
    Mean episode rew_feet_distance: 0.1699
    Mean episode rew_feet_rotation: 0.0000
        Mean episode rew_foot_slip: -0.2453
    Mean episode rew_knee_distance: 0.1625
        Mean episode rew_low_speed: 0.0665
      Mean episode rew_orientation: 0.0830
    Mean episode rew_ref_joint_pos: 0.0566
      Mean episode rew_stand_still: 0.0085
    Mean episode rew_stride_length: 0.2071
        Mean episode rew_toe_scuff: -0.0013
          Mean episode rew_torques: -0.0000
   Mean episode rew_track_vel_hard: 0.0456
 Mean episode rew_tracking_ang_vel: 0.6156
 Mean episode rew_tracking_lin_vel: 1.0863
 Mean episode rew_vel_mismatch_exp: 0.1326
        Mean episode terrain_level: 4.3441
        Mean episode max_command_x: 0.8000
--------------------------------------------------------------------------------
                   Total timesteps: 193462272
                    Iteration time: 1.40s
                        Total time: 2946.55s
                               ETA: 49.4s

################################################################################
                     [1m Learning iteration 1968/2000 [0m                     

                       Computation: 72462 steps/s (collection: 1.126s, learning 0.231s)
               Value function loss: 0.0195
                    Surrogate loss: -0.0021
              State estimator loss: 0.0221
             Mean action noise std: 3.39
                       Mean reward: 62.04
               Mean episode length: 2048.17
Mean episode rew_action_smoothness: -0.6238
     Mean episode rew_ankle_motion: -0.0207
    Mean episode rew_ankle_torques: -4.1692
         Mean episode rew_base_acc: 0.0760
      Mean episode rew_base_height: 0.0066
        Mean episode rew_collision: -0.0001
Mean episode rew_default_joint_pos: -0.0012
          Mean episode rew_dof_acc: -0.0586
   Mean episode rew_dof_pos_limits: -0.2208
Mean episode rew_dof_torque_limits: -0.0272
          Mean episode rew_dof_vel: -0.0000
   Mean episode rew_dof_vel_limits: -0.1120
    Mean episode rew_feet_air_time: 0.0436
   Mean episode rew_feet_clearance: 1.3375
Mean episode rew_feet_contact_forces: -0.3333
Mean episode rew_feet_contact_number: 0.4950
    Mean episode rew_feet_distance: 0.1694
    Mean episode rew_feet_rotation: 0.0000
        Mean episode rew_foot_slip: -0.2568
    Mean episode rew_knee_distance: 0.1625
        Mean episode rew_low_speed: 0.0675
      Mean episode rew_orientation: 0.0859
    Mean episode rew_ref_joint_pos: 0.0571
      Mean episode rew_stand_still: 0.0083
    Mean episode rew_stride_length: 0.2075
        Mean episode rew_toe_scuff: -0.0013
          Mean episode rew_torques: -0.0000
   Mean episode rew_track_vel_hard: 0.0431
 Mean episode rew_tracking_ang_vel: 0.6205
 Mean episode rew_tracking_lin_vel: 1.0698
 Mean episode rew_vel_mismatch_exp: 0.1326
        Mean episode terrain_level: 4.3447
        Mean episode max_command_x: 0.8000
--------------------------------------------------------------------------------
                   Total timesteps: 193560576
                    Iteration time: 1.36s
                        Total time: 2947.91s
                               ETA: 47.9s

################################################################################
                     [1m Learning iteration 1969/2000 [0m                     

                       Computation: 71208 steps/s (collection: 1.150s, learning 0.230s)
               Value function loss: 0.0215
                    Surrogate loss: -0.0022
              State estimator loss: 0.0225
             Mean action noise std: 3.39
                       Mean reward: 62.01
               Mean episode length: 2031.31
Mean episode rew_action_smoothness: -0.6145
     Mean episode rew_ankle_motion: -0.0204
    Mean episode rew_ankle_torques: -4.0992
         Mean episode rew_base_acc: 0.0754
      Mean episode rew_base_height: 0.0043
        Mean episode rew_collision: -0.0001
Mean episode rew_default_joint_pos: -0.0013
          Mean episode rew_dof_acc: -0.0556
   Mean episode rew_dof_pos_limits: -0.1945
Mean episode rew_dof_torque_limits: -0.0181
          Mean episode rew_dof_vel: -0.0000
   Mean episode rew_dof_vel_limits: -0.0993
    Mean episode rew_feet_air_time: 0.0414
   Mean episode rew_feet_clearance: 1.2606
Mean episode rew_feet_contact_forces: -0.3179
Mean episode rew_feet_contact_number: 0.4860
    Mean episode rew_feet_distance: 0.1645
    Mean episode rew_feet_rotation: 0.0000
        Mean episode rew_foot_slip: -0.2589
    Mean episode rew_knee_distance: 0.1581
        Mean episode rew_low_speed: 0.0663
      Mean episode rew_orientation: 0.0737
    Mean episode rew_ref_joint_pos: 0.0549
      Mean episode rew_stand_still: 0.0084
    Mean episode rew_stride_length: 0.2020
        Mean episode rew_toe_scuff: -0.0013
          Mean episode rew_torques: -0.0000
   Mean episode rew_track_vel_hard: 0.0421
 Mean episode rew_tracking_ang_vel: 0.5980
 Mean episode rew_tracking_lin_vel: 1.0337
 Mean episode rew_vel_mismatch_exp: 0.1349
        Mean episode terrain_level: 4.3463
        Mean episode max_command_x: 0.8000
--------------------------------------------------------------------------------
                   Total timesteps: 193658880
                    Iteration time: 1.38s
                        Total time: 2949.29s
                               ETA: 46.4s

################################################################################
                     [1m Learning iteration 1970/2000 [0m                     

                       Computation: 68676 steps/s (collection: 1.201s, learning 0.231s)
               Value function loss: 0.0192
                    Surrogate loss: -0.0055
              State estimator loss: 0.0223
             Mean action noise std: 3.39
                       Mean reward: 69.08
               Mean episode length: 2245.43
Mean episode rew_action_smoothness: -0.6858
     Mean episode rew_ankle_motion: -0.0226
    Mean episode rew_ankle_torques: -4.5579
         Mean episode rew_base_acc: 0.0847
      Mean episode rew_base_height: 0.0072
        Mean episode rew_collision: -0.0000
Mean episode rew_default_joint_pos: -0.0014
          Mean episode rew_dof_acc: -0.0707
   Mean episode rew_dof_pos_limits: -0.1893
Mean episode rew_dof_torque_limits: -0.0316
          Mean episode rew_dof_vel: -0.0000
   Mean episode rew_dof_vel_limits: -0.1251
    Mean episode rew_feet_air_time: 0.0484
   Mean episode rew_feet_clearance: 1.4547
Mean episode rew_feet_contact_forces: -0.4120
Mean episode rew_feet_contact_number: 0.5569
    Mean episode rew_feet_distance: 0.1869
    Mean episode rew_feet_rotation: 0.0000
        Mean episode rew_foot_slip: -0.2760
    Mean episode rew_knee_distance: 0.1823
        Mean episode rew_low_speed: 0.0810
      Mean episode rew_orientation: 0.0879
    Mean episode rew_ref_joint_pos: 0.0629
      Mean episode rew_stand_still: 0.0089
    Mean episode rew_stride_length: 0.2282
        Mean episode rew_toe_scuff: -0.0014
          Mean episode rew_torques: -0.0000
   Mean episode rew_track_vel_hard: 0.0536
 Mean episode rew_tracking_ang_vel: 0.6937
 Mean episode rew_tracking_lin_vel: 1.2049
 Mean episode rew_vel_mismatch_exp: 0.1480
        Mean episode terrain_level: 4.3496
        Mean episode max_command_x: 0.8000
--------------------------------------------------------------------------------
                   Total timesteps: 193757184
                    Iteration time: 1.43s
                        Total time: 2950.72s
                               ETA: 44.9s

################################################################################
                     [1m Learning iteration 1971/2000 [0m                     

                       Computation: 68323 steps/s (collection: 1.208s, learning 0.231s)
               Value function loss: 0.0176
                    Surrogate loss: -0.0051
              State estimator loss: 0.0219
             Mean action noise std: 3.39
                       Mean reward: 70.99
               Mean episode length: 2276.42
Mean episode rew_action_smoothness: -0.6854
     Mean episode rew_ankle_motion: -0.0227
    Mean episode rew_ankle_torques: -4.2905
         Mean episode rew_base_acc: 0.0852
      Mean episode rew_base_height: 0.0067
        Mean episode rew_collision: -0.0000
Mean episode rew_default_joint_pos: -0.0014
          Mean episode rew_dof_acc: -0.0692
   Mean episode rew_dof_pos_limits: -0.1804
Mean episode rew_dof_torque_limits: -0.0275
          Mean episode rew_dof_vel: -0.0000
   Mean episode rew_dof_vel_limits: -0.1267
    Mean episode rew_feet_air_time: 0.0484
   Mean episode rew_feet_clearance: 1.4272
Mean episode rew_feet_contact_forces: -0.3857
Mean episode rew_feet_contact_number: 0.5544
    Mean episode rew_feet_distance: 0.1883
    Mean episode rew_feet_rotation: 0.0000
        Mean episode rew_foot_slip: -0.2814
    Mean episode rew_knee_distance: 0.1829
        Mean episode rew_low_speed: 0.0807
      Mean episode rew_orientation: 0.0909
    Mean episode rew_ref_joint_pos: 0.0635
      Mean episode rew_stand_still: 0.0095
    Mean episode rew_stride_length: 0.2285
        Mean episode rew_toe_scuff: -0.0016
          Mean episode rew_torques: -0.0000
   Mean episode rew_track_vel_hard: 0.0521
 Mean episode rew_tracking_ang_vel: 0.6897
 Mean episode rew_tracking_lin_vel: 1.2071
 Mean episode rew_vel_mismatch_exp: 0.1495
        Mean episode terrain_level: 4.3544
        Mean episode max_command_x: 0.8000
--------------------------------------------------------------------------------
                   Total timesteps: 193855488
                    Iteration time: 1.44s
                        Total time: 2952.16s
                               ETA: 43.4s

################################################################################
                     [1m Learning iteration 1972/2000 [0m                     

                       Computation: 67627 steps/s (collection: 1.223s, learning 0.231s)
               Value function loss: 0.0155
                    Surrogate loss: -0.0043
              State estimator loss: 0.0218
             Mean action noise std: 3.39
                       Mean reward: 70.46
               Mean episode length: 2259.51
Mean episode rew_action_smoothness: -0.6703
     Mean episode rew_ankle_motion: -0.0222
    Mean episode rew_ankle_torques: -4.2606
         Mean episode rew_base_acc: 0.0823
      Mean episode rew_base_height: 0.0067
        Mean episode rew_collision: -0.0000
Mean episode rew_default_joint_pos: -0.0014
          Mean episode rew_dof_acc: -0.0682
   Mean episode rew_dof_pos_limits: -0.1908
Mean episode rew_dof_torque_limits: -0.0305
          Mean episode rew_dof_vel: -0.0000
   Mean episode rew_dof_vel_limits: -0.1272
    Mean episode rew_feet_air_time: 0.0478
   Mean episode rew_feet_clearance: 1.4127
Mean episode rew_feet_contact_forces: -0.3970
Mean episode rew_feet_contact_number: 0.5449
    Mean episode rew_feet_distance: 0.1830
    Mean episode rew_feet_rotation: 0.0000
        Mean episode rew_foot_slip: -0.2675
    Mean episode rew_knee_distance: 0.1767
        Mean episode rew_low_speed: 0.0784
      Mean episode rew_orientation: 0.0887
    Mean episode rew_ref_joint_pos: 0.0615
      Mean episode rew_stand_still: 0.0088
    Mean episode rew_stride_length: 0.2229
        Mean episode rew_toe_scuff: -0.0013
          Mean episode rew_torques: -0.0000
   Mean episode rew_track_vel_hard: 0.0509
 Mean episode rew_tracking_ang_vel: 0.6716
 Mean episode rew_tracking_lin_vel: 1.1824
 Mean episode rew_vel_mismatch_exp: 0.1468
        Mean episode terrain_level: 4.3603
        Mean episode max_command_x: 0.8000
--------------------------------------------------------------------------------
                   Total timesteps: 193953792
                    Iteration time: 1.45s
                        Total time: 2953.61s
                               ETA: 41.9s

################################################################################
                     [1m Learning iteration 1973/2000 [0m                     

                       Computation: 68919 steps/s (collection: 1.195s, learning 0.231s)
               Value function loss: 0.0181
                    Surrogate loss: -0.0043
              State estimator loss: 0.0219
             Mean action noise std: 3.39
                       Mean reward: 68.59
               Mean episode length: 2198.81
Mean episode rew_action_smoothness: -0.6486
     Mean episode rew_ankle_motion: -0.0217
    Mean episode rew_ankle_torques: -3.9425
         Mean episode rew_base_acc: 0.0817
      Mean episode rew_base_height: 0.0061
        Mean episode rew_collision: -0.0000
Mean episode rew_default_joint_pos: -0.0013
          Mean episode rew_dof_acc: -0.0618
   Mean episode rew_dof_pos_limits: -0.1851
Mean episode rew_dof_torque_limits: -0.0278
          Mean episode rew_dof_vel: -0.0000
   Mean episode rew_dof_vel_limits: -0.1119
    Mean episode rew_feet_air_time: 0.0463
   Mean episode rew_feet_clearance: 1.3559
Mean episode rew_feet_contact_forces: -0.3744
Mean episode rew_feet_contact_number: 0.5412
    Mean episode rew_feet_distance: 0.1795
    Mean episode rew_feet_rotation: 0.0000
        Mean episode rew_foot_slip: -0.2654
    Mean episode rew_knee_distance: 0.1738
        Mean episode rew_low_speed: 0.0685
      Mean episode rew_orientation: 0.0873
    Mean episode rew_ref_joint_pos: 0.0609
      Mean episode rew_stand_still: 0.0099
    Mean episode rew_stride_length: 0.2183
        Mean episode rew_toe_scuff: -0.0015
          Mean episode rew_torques: -0.0000
   Mean episode rew_track_vel_hard: 0.0488
 Mean episode rew_tracking_ang_vel: 0.6595
 Mean episode rew_tracking_lin_vel: 1.1478
 Mean episode rew_vel_mismatch_exp: 0.1441
        Mean episode terrain_level: 4.3657
        Mean episode max_command_x: 0.8000
--------------------------------------------------------------------------------
                   Total timesteps: 194052096
                    Iteration time: 1.43s
                        Total time: 2955.04s
                               ETA: 40.4s

################################################################################
                     [1m Learning iteration 1974/2000 [0m                     

                       Computation: 68544 steps/s (collection: 1.201s, learning 0.233s)
               Value function loss: 0.0169
                    Surrogate loss: -0.0050
              State estimator loss: 0.0217
             Mean action noise std: 3.40
                       Mean reward: 69.22
               Mean episode length: 2238.58
Mean episode rew_action_smoothness: -0.6465
     Mean episode rew_ankle_motion: -0.0212
    Mean episode rew_ankle_torques: -4.1672
         Mean episode rew_base_acc: 0.0790
      Mean episode rew_base_height: 0.0065
        Mean episode rew_collision: -0.0000
Mean episode rew_default_joint_pos: -0.0013
          Mean episode rew_dof_acc: -0.0607
   Mean episode rew_dof_pos_limits: -0.1834
Mean episode rew_dof_torque_limits: -0.0246
          Mean episode rew_dof_vel: -0.0000
   Mean episode rew_dof_vel_limits: -0.1074
    Mean episode rew_feet_air_time: 0.0454
   Mean episode rew_feet_clearance: 1.3587
Mean episode rew_feet_contact_forces: -0.3596
Mean episode rew_feet_contact_number: 0.5205
    Mean episode rew_feet_distance: 0.1752
    Mean episode rew_feet_rotation: 0.0000
        Mean episode rew_foot_slip: -0.2596
    Mean episode rew_knee_distance: 0.1706
        Mean episode rew_low_speed: 0.0755
      Mean episode rew_orientation: 0.0856
    Mean episode rew_ref_joint_pos: 0.0586
      Mean episode rew_stand_still: 0.0087
    Mean episode rew_stride_length: 0.2139
        Mean episode rew_toe_scuff: -0.0014
          Mean episode rew_torques: -0.0000
   Mean episode rew_track_vel_hard: 0.0500
 Mean episode rew_tracking_ang_vel: 0.6521
 Mean episode rew_tracking_lin_vel: 1.1318
 Mean episode rew_vel_mismatch_exp: 0.1387
        Mean episode terrain_level: 4.3694
        Mean episode max_command_x: 0.8000
--------------------------------------------------------------------------------
                   Total timesteps: 194150400
                    Iteration time: 1.43s
                        Total time: 2956.47s
                               ETA: 38.9s

################################################################################
                     [1m Learning iteration 1975/2000 [0m                     

                       Computation: 69837 steps/s (collection: 1.175s, learning 0.232s)
               Value function loss: 0.0219
                    Surrogate loss: -0.0049
              State estimator loss: 0.0218
             Mean action noise std: 3.40
                       Mean reward: 67.11
               Mean episode length: 2213.47
Mean episode rew_action_smoothness: -0.6787
     Mean episode rew_ankle_motion: -0.0220
    Mean episode rew_ankle_torques: -4.4768
         Mean episode rew_base_acc: 0.0809
      Mean episode rew_base_height: 0.0066
        Mean episode rew_collision: -0.0000
Mean episode rew_default_joint_pos: -0.0013
          Mean episode rew_dof_acc: -0.0678
   Mean episode rew_dof_pos_limits: -0.2194
Mean episode rew_dof_torque_limits: -0.0286
          Mean episode rew_dof_vel: -0.0000
   Mean episode rew_dof_vel_limits: -0.1257
    Mean episode rew_feet_air_time: 0.0468
   Mean episode rew_feet_clearance: 1.3302
Mean episode rew_feet_contact_forces: -0.3867
Mean episode rew_feet_contact_number: 0.5276
    Mean episode rew_feet_distance: 0.1818
    Mean episode rew_feet_rotation: 0.0000
        Mean episode rew_foot_slip: -0.2711
    Mean episode rew_knee_distance: 0.1767
        Mean episode rew_low_speed: 0.0784
      Mean episode rew_orientation: 0.0896
    Mean episode rew_ref_joint_pos: 0.0603
      Mean episode rew_stand_still: 0.0096
    Mean episode rew_stride_length: 0.2198
        Mean episode rew_toe_scuff: -0.0020
          Mean episode rew_torques: -0.0000
   Mean episode rew_track_vel_hard: 0.0499
 Mean episode rew_tracking_ang_vel: 0.6633
 Mean episode rew_tracking_lin_vel: 1.1630
 Mean episode rew_vel_mismatch_exp: 0.1422
        Mean episode terrain_level: 4.3719
        Mean episode max_command_x: 0.8000
--------------------------------------------------------------------------------
                   Total timesteps: 194248704
                    Iteration time: 1.41s
                        Total time: 2957.88s
                               ETA: 37.4s

################################################################################
                     [1m Learning iteration 1976/2000 [0m                     

                       Computation: 69460 steps/s (collection: 1.183s, learning 0.232s)
               Value function loss: 0.0180
                    Surrogate loss: -0.0047
              State estimator loss: 0.0223
             Mean action noise std: 3.40
                       Mean reward: 66.20
               Mean episode length: 2162.10
Mean episode rew_action_smoothness: -0.6128
     Mean episode rew_ankle_motion: -0.0206
    Mean episode rew_ankle_torques: -4.0197
         Mean episode rew_base_acc: 0.0765
      Mean episode rew_base_height: 0.0059
        Mean episode rew_collision: -0.0001
Mean episode rew_default_joint_pos: -0.0012
          Mean episode rew_dof_acc: -0.0624
   Mean episode rew_dof_pos_limits: -0.1797
Mean episode rew_dof_torque_limits: -0.0214
          Mean episode rew_dof_vel: -0.0000
   Mean episode rew_dof_vel_limits: -0.1105
    Mean episode rew_feet_air_time: 0.0437
   Mean episode rew_feet_clearance: 1.3304
Mean episode rew_feet_contact_forces: -0.3445
Mean episode rew_feet_contact_number: 0.5064
    Mean episode rew_feet_distance: 0.1677
    Mean episode rew_feet_rotation: 0.0000
        Mean episode rew_foot_slip: -0.2504
    Mean episode rew_knee_distance: 0.1634
        Mean episode rew_low_speed: 0.0755
      Mean episode rew_orientation: 0.0829
    Mean episode rew_ref_joint_pos: 0.0555
      Mean episode rew_stand_still: 0.0079
    Mean episode rew_stride_length: 0.2055
        Mean episode rew_toe_scuff: -0.0013
          Mean episode rew_torques: -0.0000
   Mean episode rew_track_vel_hard: 0.0479
 Mean episode rew_tracking_ang_vel: 0.6176
 Mean episode rew_tracking_lin_vel: 1.0917
 Mean episode rew_vel_mismatch_exp: 0.1360
        Mean episode terrain_level: 4.3745
        Mean episode max_command_x: 0.8000
--------------------------------------------------------------------------------
                   Total timesteps: 194347008
                    Iteration time: 1.42s
                        Total time: 2959.30s
                               ETA: 35.9s

################################################################################
                     [1m Learning iteration 1977/2000 [0m                     

                       Computation: 69988 steps/s (collection: 1.172s, learning 0.233s)
               Value function loss: 0.0224
                    Surrogate loss: -0.0031
              State estimator loss: 0.0225
             Mean action noise std: 3.40
                       Mean reward: 62.19
               Mean episode length: 2001.79
Mean episode rew_action_smoothness: -0.5601
     Mean episode rew_ankle_motion: -0.0188
    Mean episode rew_ankle_torques: -3.4364
         Mean episode rew_base_acc: 0.0699
      Mean episode rew_base_height: 0.0053
        Mean episode rew_collision: -0.0001
Mean episode rew_default_joint_pos: -0.0011
          Mean episode rew_dof_acc: -0.0634
   Mean episode rew_dof_pos_limits: -0.1403
Mean episode rew_dof_torque_limits: -0.0271
          Mean episode rew_dof_vel: -0.0000
   Mean episode rew_dof_vel_limits: -0.1108
    Mean episode rew_feet_air_time: 0.0401
   Mean episode rew_feet_clearance: 1.2475
Mean episode rew_feet_contact_forces: -0.3348
Mean episode rew_feet_contact_number: 0.4645
    Mean episode rew_feet_distance: 0.1546
    Mean episode rew_feet_rotation: 0.0000
        Mean episode rew_foot_slip: -0.2305
    Mean episode rew_knee_distance: 0.1481
        Mean episode rew_low_speed: 0.0623
      Mean episode rew_orientation: 0.0729
    Mean episode rew_ref_joint_pos: 0.0502
      Mean episode rew_stand_still: 0.0075
    Mean episode rew_stride_length: 0.1889
        Mean episode rew_toe_scuff: -0.0009
          Mean episode rew_torques: -0.0000
   Mean episode rew_track_vel_hard: 0.0424
 Mean episode rew_tracking_ang_vel: 0.5675
 Mean episode rew_tracking_lin_vel: 0.9859
 Mean episode rew_vel_mismatch_exp: 0.1231
        Mean episode terrain_level: 4.3773
        Mean episode max_command_x: 0.8000
--------------------------------------------------------------------------------
                   Total timesteps: 194445312
                    Iteration time: 1.40s
                        Total time: 2960.70s
                               ETA: 34.4s

################################################################################
                     [1m Learning iteration 1978/2000 [0m                     

                       Computation: 70254 steps/s (collection: 1.169s, learning 0.231s)
               Value function loss: 0.0188
                    Surrogate loss: -0.0066
              State estimator loss: 0.0226
             Mean action noise std: 3.40
                       Mean reward: 62.50
               Mean episode length: 1994.89
Mean episode rew_action_smoothness: -0.6067
     Mean episode rew_ankle_motion: -0.0199
    Mean episode rew_ankle_torques: -3.7617
         Mean episode rew_base_acc: 0.0740
      Mean episode rew_base_height: 0.0057
        Mean episode rew_collision: -0.0001
Mean episode rew_default_joint_pos: -0.0012
          Mean episode rew_dof_acc: -0.0613
   Mean episode rew_dof_pos_limits: -0.1654
Mean episode rew_dof_torque_limits: -0.0222
          Mean episode rew_dof_vel: -0.0000
   Mean episode rew_dof_vel_limits: -0.1059
    Mean episode rew_feet_air_time: 0.0424
   Mean episode rew_feet_clearance: 1.2396
Mean episode rew_feet_contact_forces: -0.3375
Mean episode rew_feet_contact_number: 0.4907
    Mean episode rew_feet_distance: 0.1644
    Mean episode rew_feet_rotation: 0.0000
        Mean episode rew_foot_slip: -0.2476
    Mean episode rew_knee_distance: 0.1593
        Mean episode rew_low_speed: 0.0614
      Mean episode rew_orientation: 0.0819
    Mean episode rew_ref_joint_pos: 0.0543
      Mean episode rew_stand_still: 0.0080
    Mean episode rew_stride_length: 0.2007
        Mean episode rew_toe_scuff: -0.0016
          Mean episode rew_torques: -0.0000
   Mean episode rew_track_vel_hard: 0.0453
 Mean episode rew_tracking_ang_vel: 0.6083
 Mean episode rew_tracking_lin_vel: 1.0449
 Mean episode rew_vel_mismatch_exp: 0.1309
        Mean episode terrain_level: 4.3782
        Mean episode max_command_x: 0.8000
--------------------------------------------------------------------------------
                   Total timesteps: 194543616
                    Iteration time: 1.40s
                        Total time: 2962.10s
                               ETA: 32.9s

################################################################################
                     [1m Learning iteration 1979/2000 [0m                     

                       Computation: 72126 steps/s (collection: 1.132s, learning 0.231s)
               Value function loss: 0.0214
                    Surrogate loss: -0.0041
              State estimator loss: 0.0228
             Mean action noise std: 3.41
                       Mean reward: 62.44
               Mean episode length: 2016.62
Mean episode rew_action_smoothness: -0.6036
     Mean episode rew_ankle_motion: -0.0195
    Mean episode rew_ankle_torques: -4.1610
         Mean episode rew_base_acc: 0.0738
      Mean episode rew_base_height: 0.0045
        Mean episode rew_collision: -0.0001
Mean episode rew_default_joint_pos: -0.0012
          Mean episode rew_dof_acc: -0.0538
   Mean episode rew_dof_pos_limits: -0.1830
Mean episode rew_dof_torque_limits: -0.0236
          Mean episode rew_dof_vel: -0.0000
   Mean episode rew_dof_vel_limits: -0.0907
    Mean episode rew_feet_air_time: 0.0403
   Mean episode rew_feet_clearance: 1.2231
Mean episode rew_feet_contact_forces: -0.3403
Mean episode rew_feet_contact_number: 0.4768
    Mean episode rew_feet_distance: 0.1622
    Mean episode rew_feet_rotation: 0.0000
        Mean episode rew_foot_slip: -0.2464
    Mean episode rew_knee_distance: 0.1567
        Mean episode rew_low_speed: 0.0637
      Mean episode rew_orientation: 0.0751
    Mean episode rew_ref_joint_pos: 0.0564
      Mean episode rew_stand_still: 0.0096
    Mean episode rew_stride_length: 0.1935
        Mean episode rew_toe_scuff: -0.0011
          Mean episode rew_torques: -0.0000
   Mean episode rew_track_vel_hard: 0.0439
 Mean episode rew_tracking_ang_vel: 0.5860
 Mean episode rew_tracking_lin_vel: 1.0136
 Mean episode rew_vel_mismatch_exp: 0.1279
        Mean episode terrain_level: 4.3808
        Mean episode max_command_x: 0.8000
--------------------------------------------------------------------------------
                   Total timesteps: 194641920
                    Iteration time: 1.36s
                        Total time: 2963.46s
                               ETA: 31.4s

################################################################################
                     [1m Learning iteration 1980/2000 [0m                     

                       Computation: 70825 steps/s (collection: 1.156s, learning 0.231s)
               Value function loss: 0.0200
                    Surrogate loss: -0.0061
              State estimator loss: 0.0223
             Mean action noise std: 3.41
                       Mean reward: 62.21
               Mean episode length: 2010.00
Mean episode rew_action_smoothness: -0.5844
     Mean episode rew_ankle_motion: -0.0193
    Mean episode rew_ankle_torques: -3.7329
         Mean episode rew_base_acc: 0.0714
      Mean episode rew_base_height: 0.0055
        Mean episode rew_collision: -0.0001
Mean episode rew_default_joint_pos: -0.0012
          Mean episode rew_dof_acc: -0.0591
   Mean episode rew_dof_pos_limits: -0.1599
Mean episode rew_dof_torque_limits: -0.0232
          Mean episode rew_dof_vel: -0.0000
   Mean episode rew_dof_vel_limits: -0.1038
    Mean episode rew_feet_air_time: 0.0412
   Mean episode rew_feet_clearance: 1.1893
Mean episode rew_feet_contact_forces: -0.3080
Mean episode rew_feet_contact_number: 0.4754
    Mean episode rew_feet_distance: 0.1586
    Mean episode rew_feet_rotation: 0.0000
        Mean episode rew_foot_slip: -0.2394
    Mean episode rew_knee_distance: 0.1533
        Mean episode rew_low_speed: 0.0636
      Mean episode rew_orientation: 0.0770
    Mean episode rew_ref_joint_pos: 0.0516
      Mean episode rew_stand_still: 0.0078
    Mean episode rew_stride_length: 0.1945
        Mean episode rew_toe_scuff: -0.0017
          Mean episode rew_torques: -0.0000
   Mean episode rew_track_vel_hard: 0.0424
 Mean episode rew_tracking_ang_vel: 0.5835
 Mean episode rew_tracking_lin_vel: 1.0138
 Mean episode rew_vel_mismatch_exp: 0.1254
        Mean episode terrain_level: 4.3843
        Mean episode max_command_x: 0.8000
--------------------------------------------------------------------------------
                   Total timesteps: 194740224
                    Iteration time: 1.39s
                        Total time: 2964.85s
                               ETA: 29.9s

################################################################################
                     [1m Learning iteration 1981/2000 [0m                     

                       Computation: 72592 steps/s (collection: 1.123s, learning 0.231s)
               Value function loss: 0.0194
                    Surrogate loss: -0.0059
              State estimator loss: 0.0224
             Mean action noise std: 3.41
                       Mean reward: 62.73
               Mean episode length: 2020.22
Mean episode rew_action_smoothness: -0.6341
     Mean episode rew_ankle_motion: -0.0207
    Mean episode rew_ankle_torques: -3.8554
         Mean episode rew_base_acc: 0.0774
      Mean episode rew_base_height: 0.0059
        Mean episode rew_collision: -0.0001
Mean episode rew_default_joint_pos: -0.0012
          Mean episode rew_dof_acc: -0.0698
   Mean episode rew_dof_pos_limits: -0.1577
Mean episode rew_dof_torque_limits: -0.0262
          Mean episode rew_dof_vel: -0.0000
   Mean episode rew_dof_vel_limits: -0.1166
    Mean episode rew_feet_air_time: 0.0447
   Mean episode rew_feet_clearance: 1.3072
Mean episode rew_feet_contact_forces: -0.3886
Mean episode rew_feet_contact_number: 0.5153
    Mean episode rew_feet_distance: 0.1733
    Mean episode rew_feet_rotation: 0.0000
        Mean episode rew_foot_slip: -0.2539
    Mean episode rew_knee_distance: 0.1686
        Mean episode rew_low_speed: 0.0792
      Mean episode rew_orientation: 0.0796
    Mean episode rew_ref_joint_pos: 0.0572
      Mean episode rew_stand_still: 0.0096
    Mean episode rew_stride_length: 0.2099
        Mean episode rew_toe_scuff: -0.0014
          Mean episode rew_torques: -0.0000
   Mean episode rew_track_vel_hard: 0.0496
 Mean episode rew_tracking_ang_vel: 0.6282
 Mean episode rew_tracking_lin_vel: 1.1047
 Mean episode rew_vel_mismatch_exp: 0.1347
        Mean episode terrain_level: 4.3864
        Mean episode max_command_x: 0.8000
--------------------------------------------------------------------------------
                   Total timesteps: 194838528
                    Iteration time: 1.35s
                        Total time: 2966.21s
                               ETA: 28.4s

################################################################################
                     [1m Learning iteration 1982/2000 [0m                     

                       Computation: 71183 steps/s (collection: 1.150s, learning 0.231s)
               Value function loss: 0.0209
                    Surrogate loss: -0.0022
              State estimator loss: 0.0226
             Mean action noise std: 3.41
                       Mean reward: 63.37
               Mean episode length: 2038.53
Mean episode rew_action_smoothness: -0.6500
     Mean episode rew_ankle_motion: -0.0215
    Mean episode rew_ankle_torques: -4.0457
         Mean episode rew_base_acc: 0.0801
      Mean episode rew_base_height: 0.0062
        Mean episode rew_collision: -0.0000
Mean episode rew_default_joint_pos: -0.0013
          Mean episode rew_dof_acc: -0.0714
   Mean episode rew_dof_pos_limits: -0.1869
Mean episode rew_dof_torque_limits: -0.0305
          Mean episode rew_dof_vel: -0.0000
   Mean episode rew_dof_vel_limits: -0.1207
    Mean episode rew_feet_air_time: 0.0454
   Mean episode rew_feet_clearance: 1.4418
Mean episode rew_feet_contact_forces: -0.4003
Mean episode rew_feet_contact_number: 0.5239
    Mean episode rew_feet_distance: 0.1764
    Mean episode rew_feet_rotation: 0.0000
        Mean episode rew_foot_slip: -0.2666
    Mean episode rew_knee_distance: 0.1711
        Mean episode rew_low_speed: 0.0706
      Mean episode rew_orientation: 0.0879
    Mean episode rew_ref_joint_pos: 0.0604
      Mean episode rew_stand_still: 0.0093
    Mean episode rew_stride_length: 0.2156
        Mean episode rew_toe_scuff: -0.0012
          Mean episode rew_torques: -0.0000
   Mean episode rew_track_vel_hard: 0.0470
 Mean episode rew_tracking_ang_vel: 0.6482
 Mean episode rew_tracking_lin_vel: 1.1172
 Mean episode rew_vel_mismatch_exp: 0.1406
        Mean episode terrain_level: 4.3894
        Mean episode max_command_x: 0.8000
--------------------------------------------------------------------------------
                   Total timesteps: 194936832
                    Iteration time: 1.38s
                        Total time: 2967.59s
                               ETA: 26.9s

################################################################################
                     [1m Learning iteration 1983/2000 [0m                     

                       Computation: 69550 steps/s (collection: 1.181s, learning 0.232s)
               Value function loss: 0.1300
                    Surrogate loss: -0.0012
              State estimator loss: 0.0834
             Mean action noise std: 3.41
                       Mean reward: 62.89
               Mean episode length: 2014.95
Mean episode rew_action_smoothness: -0.5165
     Mean episode rew_ankle_motion: -0.0178
    Mean episode rew_ankle_torques: -3.1058
         Mean episode rew_base_acc: 0.0678
      Mean episode rew_base_height: 0.0051
        Mean episode rew_collision: -0.0001
Mean episode rew_default_joint_pos: -0.0011
          Mean episode rew_dof_acc: -0.0517
   Mean episode rew_dof_pos_limits: -0.1512
Mean episode rew_dof_torque_limits: -0.0201
          Mean episode rew_dof_vel: -0.0000
   Mean episode rew_dof_vel_limits: -0.0906
    Mean episode rew_feet_air_time: 0.0376
   Mean episode rew_feet_clearance: 1.1145
Mean episode rew_feet_contact_forces: -0.3099
Mean episode rew_feet_contact_number: 0.4442
    Mean episode rew_feet_distance: 0.1463
    Mean episode rew_feet_rotation: 0.0000
        Mean episode rew_foot_slip: -0.2104
    Mean episode rew_knee_distance: 0.1424
        Mean episode rew_low_speed: 0.0465
      Mean episode rew_orientation: 0.0742
    Mean episode rew_ref_joint_pos: 0.0508
      Mean episode rew_stand_still: 0.0082
    Mean episode rew_stride_length: 0.1785
        Mean episode rew_toe_scuff: -0.0011
          Mean episode rew_torques: -0.0000
   Mean episode rew_track_vel_hard: 0.0382
 Mean episode rew_tracking_ang_vel: 0.5370
 Mean episode rew_tracking_lin_vel: 0.9193
 Mean episode rew_vel_mismatch_exp: 0.1206
        Mean episode terrain_level: 4.3912
        Mean episode max_command_x: 0.8000
--------------------------------------------------------------------------------
                   Total timesteps: 195035136
                    Iteration time: 1.41s
                        Total time: 2969.00s
                               ETA: 25.4s

################################################################################
                     [1m Learning iteration 1984/2000 [0m                     

                       Computation: 72163 steps/s (collection: 1.129s, learning 0.233s)
               Value function loss: 0.0355
                    Surrogate loss: -0.0037
              State estimator loss: 0.0476
             Mean action noise std: 3.41
                       Mean reward: 62.13
               Mean episode length: 2004.38
Mean episode rew_action_smoothness: -0.6075
     Mean episode rew_ankle_motion: -0.0202
    Mean episode rew_ankle_torques: -3.7111
         Mean episode rew_base_acc: 0.0765
      Mean episode rew_base_height: 0.0064
        Mean episode rew_collision: -0.0001
Mean episode rew_default_joint_pos: -0.0013
          Mean episode rew_dof_acc: -0.0558
   Mean episode rew_dof_pos_limits: -0.2055
Mean episode rew_dof_torque_limits: -0.0312
          Mean episode rew_dof_vel: -0.0000
   Mean episode rew_dof_vel_limits: -0.1038
    Mean episode rew_feet_air_time: 0.0429
   Mean episode rew_feet_clearance: 1.2586
Mean episode rew_feet_contact_forces: -0.3629
Mean episode rew_feet_contact_number: 0.4919
    Mean episode rew_feet_distance: 0.1685
    Mean episode rew_feet_rotation: 0.0000
        Mean episode rew_foot_slip: -0.2428
    Mean episode rew_knee_distance: 0.1623
        Mean episode rew_low_speed: 0.0505
      Mean episode rew_orientation: 0.0909
    Mean episode rew_ref_joint_pos: 0.0612
      Mean episode rew_stand_still: 0.0105
    Mean episode rew_stride_length: 0.2065
        Mean episode rew_toe_scuff: -0.0017
          Mean episode rew_torques: -0.0000
   Mean episode rew_track_vel_hard: 0.0423
 Mean episode rew_tracking_ang_vel: 0.6102
 Mean episode rew_tracking_lin_vel: 1.0566
 Mean episode rew_vel_mismatch_exp: 0.1350
        Mean episode terrain_level: 4.3915
        Mean episode max_command_x: 0.8000
--------------------------------------------------------------------------------
                   Total timesteps: 195133440
                    Iteration time: 1.36s
                        Total time: 2970.36s
                               ETA: 23.9s

################################################################################
                     [1m Learning iteration 1985/2000 [0m                     

                       Computation: 70713 steps/s (collection: 1.153s, learning 0.237s)
               Value function loss: 0.0329
                    Surrogate loss: -0.0063
              State estimator loss: 0.0315
             Mean action noise std: 3.41
                       Mean reward: 63.41
               Mean episode length: 2064.30
Mean episode rew_action_smoothness: -0.6272
     Mean episode rew_ankle_motion: -0.0217
    Mean episode rew_ankle_torques: -3.9575
         Mean episode rew_base_acc: 0.0819
      Mean episode rew_base_height: 0.0076
        Mean episode rew_collision: -0.0000
Mean episode rew_default_joint_pos: -0.0013
          Mean episode rew_dof_acc: -0.0623
   Mean episode rew_dof_pos_limits: -0.1687
Mean episode rew_dof_torque_limits: -0.0318
          Mean episode rew_dof_vel: -0.0000
   Mean episode rew_dof_vel_limits: -0.1179
    Mean episode rew_feet_air_time: 0.0473
   Mean episode rew_feet_clearance: 1.4287
Mean episode rew_feet_contact_forces: -0.3810
Mean episode rew_feet_contact_number: 0.5332
    Mean episode rew_feet_distance: 0.1799
    Mean episode rew_feet_rotation: 0.0000
        Mean episode rew_foot_slip: -0.2572
    Mean episode rew_knee_distance: 0.1744
        Mean episode rew_low_speed: 0.0414
      Mean episode rew_orientation: 0.0872
    Mean episode rew_ref_joint_pos: 0.0609
      Mean episode rew_stand_still: 0.0095
    Mean episode rew_stride_length: 0.2156
        Mean episode rew_toe_scuff: -0.0014
          Mean episode rew_torques: -0.0000
   Mean episode rew_track_vel_hard: 0.0450
 Mean episode rew_tracking_ang_vel: 0.6516
 Mean episode rew_tracking_lin_vel: 1.1284
 Mean episode rew_vel_mismatch_exp: 0.1432
        Mean episode terrain_level: 4.3913
        Mean episode max_command_x: 0.8000
--------------------------------------------------------------------------------
                   Total timesteps: 195231744
                    Iteration time: 1.39s
                        Total time: 2971.75s
                               ETA: 22.4s

################################################################################
                     [1m Learning iteration 1986/2000 [0m                     

                       Computation: 66796 steps/s (collection: 1.233s, learning 0.239s)
               Value function loss: 0.0257
                    Surrogate loss: -0.0057
              State estimator loss: 0.0286
             Mean action noise std: 3.42
                       Mean reward: 64.83
               Mean episode length: 2101.07
Mean episode rew_action_smoothness: -0.6154
     Mean episode rew_ankle_motion: -0.0200
    Mean episode rew_ankle_torques: -3.6373
         Mean episode rew_base_acc: 0.0735
      Mean episode rew_base_height: 0.0055
        Mean episode rew_collision: -0.0001
Mean episode rew_default_joint_pos: -0.0012
          Mean episode rew_dof_acc: -0.0681
   Mean episode rew_dof_pos_limits: -0.1717
Mean episode rew_dof_torque_limits: -0.0203
          Mean episode rew_dof_vel: -0.0000
   Mean episode rew_dof_vel_limits: -0.1026
    Mean episode rew_feet_air_time: 0.0422
   Mean episode rew_feet_clearance: 1.2496
Mean episode rew_feet_contact_forces: -0.3216
Mean episode rew_feet_contact_number: 0.4960
    Mean episode rew_feet_distance: 0.1666
    Mean episode rew_feet_rotation: 0.0000
        Mean episode rew_foot_slip: -0.2470
    Mean episode rew_knee_distance: 0.1617
        Mean episode rew_low_speed: 0.0664
      Mean episode rew_orientation: 0.0762
    Mean episode rew_ref_joint_pos: 0.0555
      Mean episode rew_stand_still: 0.0082
    Mean episode rew_stride_length: 0.2008
        Mean episode rew_toe_scuff: -0.0012
          Mean episode rew_torques: -0.0000
   Mean episode rew_track_vel_hard: 0.0439
 Mean episode rew_tracking_ang_vel: 0.5929
 Mean episode rew_tracking_lin_vel: 1.0584
 Mean episode rew_vel_mismatch_exp: 0.1346
        Mean episode terrain_level: 4.3924
        Mean episode max_command_x: 0.8000
--------------------------------------------------------------------------------
                   Total timesteps: 195330048
                    Iteration time: 1.47s
                        Total time: 2973.22s
                               ETA: 20.9s

################################################################################
                     [1m Learning iteration 1987/2000 [0m                     

                       Computation: 66253 steps/s (collection: 1.252s, learning 0.232s)
               Value function loss: 0.0208
                    Surrogate loss: -0.0042
              State estimator loss: 0.0284
             Mean action noise std: 3.42
                       Mean reward: 50.66
               Mean episode length: 1677.94
Mean episode rew_action_smoothness: -0.4901
     Mean episode rew_ankle_motion: -0.0159
    Mean episode rew_ankle_torques: -3.1725
         Mean episode rew_base_acc: 0.0595
      Mean episode rew_base_height: 0.0041
        Mean episode rew_collision: -0.0002
Mean episode rew_default_joint_pos: -0.0010
          Mean episode rew_dof_acc: -0.0396
   Mean episode rew_dof_pos_limits: -0.1568
Mean episode rew_dof_torque_limits: -0.0166
          Mean episode rew_dof_vel: -0.0000
   Mean episode rew_dof_vel_limits: -0.0703
    Mean episode rew_feet_air_time: 0.0340
   Mean episode rew_feet_clearance: 0.9730
Mean episode rew_feet_contact_forces: -0.2518
Mean episode rew_feet_contact_number: 0.3879
    Mean episode rew_feet_distance: 0.1317
    Mean episode rew_feet_rotation: 0.0000
        Mean episode rew_foot_slip: -0.2001
    Mean episode rew_knee_distance: 0.1263
        Mean episode rew_low_speed: 0.0408
      Mean episode rew_orientation: 0.0631
    Mean episode rew_ref_joint_pos: 0.0428
      Mean episode rew_stand_still: 0.0068
    Mean episode rew_stride_length: 0.1620
        Mean episode rew_toe_scuff: -0.0015
          Mean episode rew_torques: -0.0000
   Mean episode rew_track_vel_hard: 0.0308
 Mean episode rew_tracking_ang_vel: 0.4776
 Mean episode rew_tracking_lin_vel: 0.8196
 Mean episode rew_vel_mismatch_exp: 0.1045
        Mean episode terrain_level: 4.3926
        Mean episode max_command_x: 0.8000
--------------------------------------------------------------------------------
                   Total timesteps: 195428352
                    Iteration time: 1.48s
                        Total time: 2974.71s
                               ETA: 19.5s

################################################################################
                     [1m Learning iteration 1988/2000 [0m                     

                       Computation: 66105 steps/s (collection: 1.254s, learning 0.233s)
               Value function loss: 0.0203
                    Surrogate loss: -0.0066
              State estimator loss: 0.0287
             Mean action noise std: 3.42
                       Mean reward: 48.77
               Mean episode length: 1609.18
Mean episode rew_action_smoothness: -0.4794
     Mean episode rew_ankle_motion: -0.0161
    Mean episode rew_ankle_torques: -2.9668
         Mean episode rew_base_acc: 0.0604
      Mean episode rew_base_height: 0.0050
        Mean episode rew_collision: -0.0002
Mean episode rew_default_joint_pos: -0.0010
          Mean episode rew_dof_acc: -0.0470
   Mean episode rew_dof_pos_limits: -0.1595
Mean episode rew_dof_torque_limits: -0.0205
          Mean episode rew_dof_vel: -0.0000
   Mean episode rew_dof_vel_limits: -0.0863
    Mean episode rew_feet_air_time: 0.0346
   Mean episode rew_feet_clearance: 1.0374
Mean episode rew_feet_contact_forces: -0.2836
Mean episode rew_feet_contact_number: 0.3943
    Mean episode rew_feet_distance: 0.1332
    Mean episode rew_feet_rotation: 0.0000
        Mean episode rew_foot_slip: -0.1970
    Mean episode rew_knee_distance: 0.1295
        Mean episode rew_low_speed: 0.0411
      Mean episode rew_orientation: 0.0666
    Mean episode rew_ref_joint_pos: 0.0423
      Mean episode rew_stand_still: 0.0065
    Mean episode rew_stride_length: 0.1626
        Mean episode rew_toe_scuff: -0.0010
          Mean episode rew_torques: -0.0000
   Mean episode rew_track_vel_hard: 0.0319
 Mean episode rew_tracking_ang_vel: 0.4857
 Mean episode rew_tracking_lin_vel: 0.8314
 Mean episode rew_vel_mismatch_exp: 0.1054
        Mean episode terrain_level: 4.3890
        Mean episode max_command_x: 0.8000
--------------------------------------------------------------------------------
                   Total timesteps: 195526656
                    Iteration time: 1.49s
                        Total time: 2976.20s
                               ETA: 18.0s

################################################################################
                     [1m Learning iteration 1989/2000 [0m                     

                       Computation: 67908 steps/s (collection: 1.217s, learning 0.231s)
               Value function loss: 0.0189
                    Surrogate loss: -0.0063
              State estimator loss: 0.0280
             Mean action noise std: 3.42
                       Mean reward: 52.07
               Mean episode length: 1696.38
Mean episode rew_action_smoothness: -0.5073
     Mean episode rew_ankle_motion: -0.0172
    Mean episode rew_ankle_torques: -3.2263
         Mean episode rew_base_acc: 0.0637
      Mean episode rew_base_height: 0.0044
        Mean episode rew_collision: -0.0001
Mean episode rew_default_joint_pos: -0.0011
          Mean episode rew_dof_acc: -0.0479
   Mean episode rew_dof_pos_limits: -0.1748
Mean episode rew_dof_torque_limits: -0.0192
          Mean episode rew_dof_vel: -0.0000
   Mean episode rew_dof_vel_limits: -0.0841
    Mean episode rew_feet_air_time: 0.0363
   Mean episode rew_feet_clearance: 1.0779
Mean episode rew_feet_contact_forces: -0.2843
Mean episode rew_feet_contact_number: 0.4172
    Mean episode rew_feet_distance: 0.1399
    Mean episode rew_feet_rotation: 0.0000
        Mean episode rew_foot_slip: -0.2099
    Mean episode rew_knee_distance: 0.1362
        Mean episode rew_low_speed: 0.0466
      Mean episode rew_orientation: 0.0682
    Mean episode rew_ref_joint_pos: 0.0447
      Mean episode rew_stand_still: 0.0069
    Mean episode rew_stride_length: 0.1716
        Mean episode rew_toe_scuff: -0.0013
          Mean episode rew_torques: -0.0000
   Mean episode rew_track_vel_hard: 0.0353
 Mean episode rew_tracking_ang_vel: 0.5101
 Mean episode rew_tracking_lin_vel: 0.8807
 Mean episode rew_vel_mismatch_exp: 0.1139
        Mean episode terrain_level: 4.3851
        Mean episode max_command_x: 0.8000
--------------------------------------------------------------------------------
                   Total timesteps: 195624960
                    Iteration time: 1.45s
                        Total time: 2977.64s
                               ETA: 16.5s

################################################################################
                     [1m Learning iteration 1990/2000 [0m                     

                       Computation: 68250 steps/s (collection: 1.209s, learning 0.231s)
               Value function loss: 0.0195
                    Surrogate loss: -0.0059
              State estimator loss: 0.0260
             Mean action noise std: 3.42
                       Mean reward: 53.04
               Mean episode length: 1757.68
Mean episode rew_action_smoothness: -0.5132
     Mean episode rew_ankle_motion: -0.0172
    Mean episode rew_ankle_torques: -3.1904
         Mean episode rew_base_acc: 0.0635
      Mean episode rew_base_height: 0.0044
        Mean episode rew_collision: -0.0002
Mean episode rew_default_joint_pos: -0.0011
          Mean episode rew_dof_acc: -0.0448
   Mean episode rew_dof_pos_limits: -0.1739
Mean episode rew_dof_torque_limits: -0.0198
          Mean episode rew_dof_vel: -0.0000
   Mean episode rew_dof_vel_limits: -0.0801
    Mean episode rew_feet_air_time: 0.0367
   Mean episode rew_feet_clearance: 1.0615
Mean episode rew_feet_contact_forces: -0.2804
Mean episode rew_feet_contact_number: 0.4178
    Mean episode rew_feet_distance: 0.1402
    Mean episode rew_feet_rotation: 0.0000
        Mean episode rew_foot_slip: -0.2093
    Mean episode rew_knee_distance: 0.1364
        Mean episode rew_low_speed: 0.0451
      Mean episode rew_orientation: 0.0704
    Mean episode rew_ref_joint_pos: 0.0450
      Mean episode rew_stand_still: 0.0070
    Mean episode rew_stride_length: 0.1721
        Mean episode rew_toe_scuff: -0.0012
          Mean episode rew_torques: -0.0000
   Mean episode rew_track_vel_hard: 0.0330
 Mean episode rew_tracking_ang_vel: 0.5130
 Mean episode rew_tracking_lin_vel: 0.8789
 Mean episode rew_vel_mismatch_exp: 0.1131
        Mean episode terrain_level: 4.3822
        Mean episode max_command_x: 0.8000
--------------------------------------------------------------------------------
                   Total timesteps: 195723264
                    Iteration time: 1.44s
                        Total time: 2979.08s
                               ETA: 15.0s

################################################################################
                     [1m Learning iteration 1991/2000 [0m                     

                       Computation: 69477 steps/s (collection: 1.182s, learning 0.233s)
               Value function loss: 0.0189
                    Surrogate loss: -0.0047
              State estimator loss: 0.0251
             Mean action noise std: 3.43
                       Mean reward: 55.72
               Mean episode length: 1837.65
Mean episode rew_action_smoothness: -0.5222
     Mean episode rew_ankle_motion: -0.0174
    Mean episode rew_ankle_torques: -3.1682
         Mean episode rew_base_acc: 0.0636
      Mean episode rew_base_height: 0.0054
        Mean episode rew_collision: -0.0002
Mean episode rew_default_joint_pos: -0.0011
          Mean episode rew_dof_acc: -0.0504
   Mean episode rew_dof_pos_limits: -0.1527
Mean episode rew_dof_torque_limits: -0.0235
          Mean episode rew_dof_vel: -0.0000
   Mean episode rew_dof_vel_limits: -0.0960
    Mean episode rew_feet_air_time: 0.0374
   Mean episode rew_feet_clearance: 1.1461
Mean episode rew_feet_contact_forces: -0.2826
Mean episode rew_feet_contact_number: 0.4226
    Mean episode rew_feet_distance: 0.1429
    Mean episode rew_feet_rotation: 0.0000
        Mean episode rew_foot_slip: -0.2127
    Mean episode rew_knee_distance: 0.1381
        Mean episode rew_low_speed: 0.0469
      Mean episode rew_orientation: 0.0691
    Mean episode rew_ref_joint_pos: 0.0470
      Mean episode rew_stand_still: 0.0067
    Mean episode rew_stride_length: 0.1749
        Mean episode rew_toe_scuff: -0.0010
          Mean episode rew_torques: -0.0000
   Mean episode rew_track_vel_hard: 0.0347
 Mean episode rew_tracking_ang_vel: 0.5240
 Mean episode rew_tracking_lin_vel: 0.8938
 Mean episode rew_vel_mismatch_exp: 0.1121
        Mean episode terrain_level: 4.3833
        Mean episode max_command_x: 0.8000
--------------------------------------------------------------------------------
                   Total timesteps: 195821568
                    Iteration time: 1.41s
                        Total time: 2980.50s
                               ETA: 13.5s

################################################################################
                     [1m Learning iteration 1992/2000 [0m                     

                       Computation: 68012 steps/s (collection: 1.214s, learning 0.232s)
               Value function loss: 0.0163
                    Surrogate loss: -0.0051
              State estimator loss: 0.0242
             Mean action noise std: 3.43
                       Mean reward: 53.62
               Mean episode length: 1735.01
Mean episode rew_action_smoothness: -0.5100
     Mean episode rew_ankle_motion: -0.0171
    Mean episode rew_ankle_torques: -2.9955
         Mean episode rew_base_acc: 0.0650
      Mean episode rew_base_height: 0.0053
        Mean episode rew_collision: -0.0001
Mean episode rew_default_joint_pos: -0.0011
          Mean episode rew_dof_acc: -0.0496
   Mean episode rew_dof_pos_limits: -0.1456
Mean episode rew_dof_torque_limits: -0.0214
          Mean episode rew_dof_vel: -0.0000
   Mean episode rew_dof_vel_limits: -0.0904
    Mean episode rew_feet_air_time: 0.0371
   Mean episode rew_feet_clearance: 1.1169
Mean episode rew_feet_contact_forces: -0.2921
Mean episode rew_feet_contact_number: 0.4243
    Mean episode rew_feet_distance: 0.1428
    Mean episode rew_feet_rotation: 0.0000
        Mean episode rew_foot_slip: -0.2047
    Mean episode rew_knee_distance: 0.1388
        Mean episode rew_low_speed: 0.0431
      Mean episode rew_orientation: 0.0677
    Mean episode rew_ref_joint_pos: 0.0469
      Mean episode rew_stand_still: 0.0071
    Mean episode rew_stride_length: 0.1743
        Mean episode rew_toe_scuff: -0.0011
          Mean episode rew_torques: -0.0000
   Mean episode rew_track_vel_hard: 0.0361
 Mean episode rew_tracking_ang_vel: 0.5209
 Mean episode rew_tracking_lin_vel: 0.8897
 Mean episode rew_vel_mismatch_exp: 0.1149
        Mean episode terrain_level: 4.3814
        Mean episode max_command_x: 0.8000
--------------------------------------------------------------------------------
                   Total timesteps: 195919872
                    Iteration time: 1.45s
                        Total time: 2981.94s
                               ETA: 12.0s

################################################################################
                     [1m Learning iteration 1993/2000 [0m                     

                       Computation: 69973 steps/s (collection: 1.173s, learning 0.231s)
               Value function loss: 0.0152
                    Surrogate loss: -0.0001
              State estimator loss: 0.0229
             Mean action noise std: 3.43
                       Mean reward: 53.53
               Mean episode length: 1751.73
Mean episode rew_action_smoothness: -0.4984
     Mean episode rew_ankle_motion: -0.0175
    Mean episode rew_ankle_torques: -3.1933
         Mean episode rew_base_acc: 0.0660
      Mean episode rew_base_height: 0.0054
        Mean episode rew_collision: -0.0001
Mean episode rew_default_joint_pos: -0.0011
          Mean episode rew_dof_acc: -0.0470
   Mean episode rew_dof_pos_limits: -0.1729
Mean episode rew_dof_torque_limits: -0.0220
          Mean episode rew_dof_vel: -0.0000
   Mean episode rew_dof_vel_limits: -0.0917
    Mean episode rew_feet_air_time: 0.0365
   Mean episode rew_feet_clearance: 1.1230
Mean episode rew_feet_contact_forces: -0.2874
Mean episode rew_feet_contact_number: 0.4304
    Mean episode rew_feet_distance: 0.1433
    Mean episode rew_feet_rotation: 0.0000
        Mean episode rew_foot_slip: -0.2109
    Mean episode rew_knee_distance: 0.1396
        Mean episode rew_low_speed: 0.0423
      Mean episode rew_orientation: 0.0721
    Mean episode rew_ref_joint_pos: 0.0498
      Mean episode rew_stand_still: 0.0079
    Mean episode rew_stride_length: 0.1739
        Mean episode rew_toe_scuff: -0.0011
          Mean episode rew_torques: -0.0000
   Mean episode rew_track_vel_hard: 0.0367
 Mean episode rew_tracking_ang_vel: 0.5203
 Mean episode rew_tracking_lin_vel: 0.8874
 Mean episode rew_vel_mismatch_exp: 0.1183
        Mean episode terrain_level: 4.3812
        Mean episode max_command_x: 0.8000
--------------------------------------------------------------------------------
                   Total timesteps: 196018176
                    Iteration time: 1.40s
                        Total time: 2983.35s
                               ETA: 10.5s

################################################################################
                     [1m Learning iteration 1994/2000 [0m                     

                       Computation: 70222 steps/s (collection: 1.170s, learning 0.230s)
               Value function loss: 0.0165
                    Surrogate loss: -0.0054
              State estimator loss: 0.0228
             Mean action noise std: 3.43
                       Mean reward: 57.71
               Mean episode length: 1908.69
Mean episode rew_action_smoothness: -0.5713
     Mean episode rew_ankle_motion: -0.0188
    Mean episode rew_ankle_torques: -3.5729
         Mean episode rew_base_acc: 0.0711
      Mean episode rew_base_height: 0.0058
        Mean episode rew_collision: -0.0001
Mean episode rew_default_joint_pos: -0.0012
          Mean episode rew_dof_acc: -0.0596
   Mean episode rew_dof_pos_limits: -0.1555
Mean episode rew_dof_torque_limits: -0.0257
          Mean episode rew_dof_vel: -0.0000
   Mean episode rew_dof_vel_limits: -0.1126
    Mean episode rew_feet_air_time: 0.0404
   Mean episode rew_feet_clearance: 1.2004
Mean episode rew_feet_contact_forces: -0.3298
Mean episode rew_feet_contact_number: 0.4639
    Mean episode rew_feet_distance: 0.1585
    Mean episode rew_feet_rotation: 0.0000
        Mean episode rew_foot_slip: -0.2333
    Mean episode rew_knee_distance: 0.1539
        Mean episode rew_low_speed: 0.0591
      Mean episode rew_orientation: 0.0745
    Mean episode rew_ref_joint_pos: 0.0540
      Mean episode rew_stand_still: 0.0087
    Mean episode rew_stride_length: 0.1902
        Mean episode rew_toe_scuff: -0.0012
          Mean episode rew_torques: -0.0000
   Mean episode rew_track_vel_hard: 0.0393
 Mean episode rew_tracking_ang_vel: 0.5613
 Mean episode rew_tracking_lin_vel: 0.9913
 Mean episode rew_vel_mismatch_exp: 0.1255
        Mean episode terrain_level: 4.3818
        Mean episode max_command_x: 0.8000
--------------------------------------------------------------------------------
                   Total timesteps: 196116480
                    Iteration time: 1.40s
                        Total time: 2984.75s
                               ETA: 9.0s

################################################################################
                     [1m Learning iteration 1995/2000 [0m                     

                       Computation: 69405 steps/s (collection: 1.185s, learning 0.231s)
               Value function loss: 0.0188
                    Surrogate loss: 0.0019
              State estimator loss: 0.0234
             Mean action noise std: 3.43
                       Mean reward: 59.98
               Mean episode length: 1984.49
Mean episode rew_action_smoothness: -0.6171
     Mean episode rew_ankle_motion: -0.0200
    Mean episode rew_ankle_torques: -3.9625
         Mean episode rew_base_acc: 0.0742
      Mean episode rew_base_height: 0.0055
        Mean episode rew_collision: -0.0001
Mean episode rew_default_joint_pos: -0.0012
          Mean episode rew_dof_acc: -0.0619
   Mean episode rew_dof_pos_limits: -0.1704
Mean episode rew_dof_torque_limits: -0.0229
          Mean episode rew_dof_vel: -0.0000
   Mean episode rew_dof_vel_limits: -0.1090
    Mean episode rew_feet_air_time: 0.0426
   Mean episode rew_feet_clearance: 1.2583
Mean episode rew_feet_contact_forces: -0.3367
Mean episode rew_feet_contact_number: 0.4917
    Mean episode rew_feet_distance: 0.1649
    Mean episode rew_feet_rotation: 0.0000
        Mean episode rew_foot_slip: -0.2503
    Mean episode rew_knee_distance: 0.1593
        Mean episode rew_low_speed: 0.0658
      Mean episode rew_orientation: 0.0789
    Mean episode rew_ref_joint_pos: 0.0545
      Mean episode rew_stand_still: 0.0083
    Mean episode rew_stride_length: 0.2007
        Mean episode rew_toe_scuff: -0.0013
          Mean episode rew_torques: -0.0000
   Mean episode rew_track_vel_hard: 0.0442
 Mean episode rew_tracking_ang_vel: 0.6067
 Mean episode rew_tracking_lin_vel: 1.0473
 Mean episode rew_vel_mismatch_exp: 0.1309
        Mean episode terrain_level: 4.3834
        Mean episode max_command_x: 0.8000
--------------------------------------------------------------------------------
                   Total timesteps: 196214784
                    Iteration time: 1.42s
                        Total time: 2986.17s
                               ETA: 7.5s

################################################################################
                     [1m Learning iteration 1996/2000 [0m                     

                       Computation: 69597 steps/s (collection: 1.181s, learning 0.232s)
               Value function loss: 0.0195
                    Surrogate loss: -0.0061
              State estimator loss: 0.0235
             Mean action noise std: 3.43
                       Mean reward: 59.36
               Mean episode length: 1947.47
Mean episode rew_action_smoothness: -0.5476
     Mean episode rew_ankle_motion: -0.0182
    Mean episode rew_ankle_torques: -3.6987
         Mean episode rew_base_acc: 0.0680
      Mean episode rew_base_height: 0.0054
        Mean episode rew_collision: -0.0001
Mean episode rew_default_joint_pos: -0.0011
          Mean episode rew_dof_acc: -0.0533
   Mean episode rew_dof_pos_limits: -0.1797
Mean episode rew_dof_torque_limits: -0.0250
          Mean episode rew_dof_vel: -0.0000
   Mean episode rew_dof_vel_limits: -0.1004
    Mean episode rew_feet_air_time: 0.0385
   Mean episode rew_feet_clearance: 1.1930
Mean episode rew_feet_contact_forces: -0.3102
Mean episode rew_feet_contact_number: 0.4380
    Mean episode rew_feet_distance: 0.1516
    Mean episode rew_feet_rotation: 0.0000
        Mean episode rew_foot_slip: -0.2255
    Mean episode rew_knee_distance: 0.1473
        Mean episode rew_low_speed: 0.0586
      Mean episode rew_orientation: 0.0758
    Mean episode rew_ref_joint_pos: 0.0513
      Mean episode rew_stand_still: 0.0084
    Mean episode rew_stride_length: 0.1828
        Mean episode rew_toe_scuff: -0.0011
          Mean episode rew_torques: -0.0000
   Mean episode rew_track_vel_hard: 0.0378
 Mean episode rew_tracking_ang_vel: 0.5459
 Mean episode rew_tracking_lin_vel: 0.9388
 Mean episode rew_vel_mismatch_exp: 0.1181
        Mean episode terrain_level: 4.3850
        Mean episode max_command_x: 0.8000
--------------------------------------------------------------------------------
                   Total timesteps: 196313088
                    Iteration time: 1.41s
                        Total time: 2987.58s
                               ETA: 6.0s

Loading extension module gymtorch...
Traceback (most recent call last):
  File "F1_train_AMP/humanoid/scripts/train_and_eval.py", line 140, in <module>
    sys.exit(main())
  File "F1_train_AMP/humanoid/scripts/train_and_eval.py", line 110, in main
    all_results[eseed] = evaluate(env, runner, rj, args, eseed)
  File "F1_train_AMP/humanoid/scripts/train_and_eval.py", line 66, in evaluate
    env.reset_idx(torch.arange(env.num_envs, device=dev))
  File "/workspace/F1_train_AMP/humanoid/envs/x1/x1_dh_stand_env.py", line 571, in reset_idx
    self.randomize_dof_props(env_ids)
  File "/workspace/F1_train_AMP/humanoid/envs/base/legged_robot.py", line 416, in randomize_dof_props
    self.torque_multi[env_ids] = torch_rand_float(motor_strength_ranges[0], motor_strength_ranges[1], (len(env_ids),self.num_actions), device=self.device)
RuntimeError: Inplace update to inference tensor outside InferenceMode is not allowed.You can make a clone to get a normal tensor before doing inplace update.See https://github.com/pytorch/rfcs/pull/17 for more details.
################################################################################
                     [1m Learning iteration 1997/2000 [0m                     

                       Computation: 69869 steps/s (collection: 1.175s, learning 0.232s)
               Value function loss: 0.0162
                    Surrogate loss: -0.0057
              State estimator loss: 0.0230
             Mean action noise std: 3.43
                       Mean reward: 59.72
               Mean episode length: 1941.40
Mean episode rew_action_smoothness: -0.5958
     Mean episode rew_ankle_motion: -0.0207
    Mean episode rew_ankle_torques: -3.6934
         Mean episode rew_base_acc: 0.0771
      Mean episode rew_base_height: 0.0074
        Mean episode rew_collision: -0.0001
Mean episode rew_default_joint_pos: -0.0013
          Mean episode rew_dof_acc: -0.0690
   Mean episode rew_dof_pos_limits: -0.1675
Mean episode rew_dof_torque_limits: -0.0230
          Mean episode rew_dof_vel: -0.0000
   Mean episode rew_dof_vel_limits: -0.1298
    Mean episode rew_feet_air_time: 0.0441
   Mean episode rew_feet_clearance: 1.3410
Mean episode rew_feet_contact_forces: -0.3320
Mean episode rew_feet_contact_number: 0.5054
    Mean episode rew_feet_distance: 0.1710
    Mean episode rew_feet_rotation: 0.0000
        Mean episode rew_foot_slip: -0.2466
    Mean episode rew_knee_distance: 0.1671
        Mean episode rew_low_speed: 0.0559
      Mean episode rew_orientation: 0.0835
    Mean episode rew_ref_joint_pos: 0.0588
      Mean episode rew_stand_still: 0.0093
    Mean episode rew_stride_length: 0.2062
        Mean episode rew_toe_scuff: -0.0013
          Mean episode rew_torques: -0.0000
   Mean episode rew_track_vel_hard: 0.0422
 Mean episode rew_tracking_ang_vel: 0.6082
 Mean episode rew_tracking_lin_vel: 1.0604
 Mean episode rew_vel_mismatch_exp: 0.1365
        Mean episode terrain_level: 4.3857
        Mean episode max_command_x: 0.8000
--------------------------------------------------------------------------------
                   Total timesteps: 196411392
                    Iteration time: 1.41s
                        Total time: 2988.98s
                               ETA: 4.5s

################################################################################
                     [1m Learning iteration 1998/2000 [0m                     

                       Computation: 69344 steps/s (collection: 1.186s, learning 0.232s)
               Value function loss: 0.0192
                    Surrogate loss: -0.0042
              State estimator loss: 0.0228
             Mean action noise std: 3.44
                       Mean reward: 64.54
               Mean episode length: 2062.84
Mean episode rew_action_smoothness: -0.6545
     Mean episode rew_ankle_motion: -0.0214
    Mean episode rew_ankle_torques: -3.9360
         Mean episode rew_base_acc: 0.0810
      Mean episode rew_base_height: 0.0059
        Mean episode rew_collision: -0.0000
Mean episode rew_default_joint_pos: -0.0013
          Mean episode rew_dof_acc: -0.0588
   Mean episode rew_dof_pos_limits: -0.1855
Mean episode rew_dof_torque_limits: -0.0238
          Mean episode rew_dof_vel: -0.0000
   Mean episode rew_dof_vel_limits: -0.1048
    Mean episode rew_feet_air_time: 0.0462
   Mean episode rew_feet_clearance: 1.4278
Mean episode rew_feet_contact_forces: -0.3454
Mean episode rew_feet_contact_number: 0.5370
    Mean episode rew_feet_distance: 0.1804
    Mean episode rew_feet_rotation: 0.0000
        Mean episode rew_foot_slip: -0.2676
    Mean episode rew_knee_distance: 0.1749
        Mean episode rew_low_speed: 0.0624
      Mean episode rew_orientation: 0.0840
    Mean episode rew_ref_joint_pos: 0.0601
      Mean episode rew_stand_still: 0.0091
    Mean episode rew_stride_length: 0.2180
        Mean episode rew_toe_scuff: -0.0011
          Mean episode rew_torques: -0.0000
   Mean episode rew_track_vel_hard: 0.0490
 Mean episode rew_tracking_ang_vel: 0.6577
 Mean episode rew_tracking_lin_vel: 1.1504
 Mean episode rew_vel_mismatch_exp: 0.1430
        Mean episode terrain_level: 4.3863
        Mean episode max_command_x: 0.8000
--------------------------------------------------------------------------------
                   Total timesteps: 196509696
                    Iteration time: 1.42s
                        Total time: 2990.40s
                               ETA: 3.0s

################################################################################
                     [1m Learning iteration 1999/2000 [0m                     

                       Computation: 69065 steps/s (collection: 1.191s, learning 0.232s)
               Value function loss: 0.0181
                    Surrogate loss: -0.0032
              State estimator loss: 0.0232
             Mean action noise std: 3.44
                       Mean reward: 63.77
               Mean episode length: 2032.76
Mean episode rew_action_smoothness: -0.5567
     Mean episode rew_ankle_motion: -0.0192
    Mean episode rew_ankle_torques: -3.4646
         Mean episode rew_base_acc: 0.0712
      Mean episode rew_base_height: 0.0066
        Mean episode rew_collision: -0.0001
Mean episode rew_default_joint_pos: -0.0012
          Mean episode rew_dof_acc: -0.0613
   Mean episode rew_dof_pos_limits: -0.1544
Mean episode rew_dof_torque_limits: -0.0202
          Mean episode rew_dof_vel: -0.0000
   Mean episode rew_dof_vel_limits: -0.1116
    Mean episode rew_feet_air_time: 0.0406
   Mean episode rew_feet_clearance: 1.1834
Mean episode rew_feet_contact_forces: -0.3147
Mean episode rew_feet_contact_number: 0.4773
    Mean episode rew_feet_distance: 0.1578
    Mean episode rew_feet_rotation: 0.0000
        Mean episode rew_foot_slip: -0.2312
    Mean episode rew_knee_distance: 0.1540
        Mean episode rew_low_speed: 0.0585
      Mean episode rew_orientation: 0.0779
    Mean episode rew_ref_joint_pos: 0.0547
      Mean episode rew_stand_still: 0.0083
    Mean episode rew_stride_length: 0.1934
        Mean episode rew_toe_scuff: -0.0014
          Mean episode rew_torques: -0.0000
   Mean episode rew_track_vel_hard: 0.0427
 Mean episode rew_tracking_ang_vel: 0.5736
 Mean episode rew_tracking_lin_vel: 0.9942
 Mean episode rew_vel_mismatch_exp: 0.1290
        Mean episode terrain_level: 4.3874
        Mean episode max_command_x: 0.8000
--------------------------------------------------------------------------------
                   Total timesteps: 196608000
                    Iteration time: 1.42s
                        Total time: 2991.83s
                               ETA: 1.5s

[train_eval] training done. log_dir=/workspace/F1_train_AMP/logs/x1_amp/exported_data/2026-07-24_15-30-20
[train_eval] evaluating seed=5 ...
[SDK][INFO] 2026-07-24 16:21:04 Detected PT file (created or updated): /workspace/F1_train_AMP/logs/x1_amp/exported_data/2026-07-24_15-30-20/model_2000.pt[SDK][INFO] 2026-07-24 16:21:04 Found PT file: /workspace/F1_train_AMP/logs/x1_amp/exported_data/2026-07-24_15-30-20/model_2000.pt; Upload queue length: 1, put file_queue:{'tag': 'PT', 'content_type': 'application/octet-stream', 'upload_column': 'policUrl', 'try_count': 0, 'file_path': '/workspace/F1_train_AMP/logs/x1_amp/exported_data/2026-07-24_15-30-20/model_2000.pt'}[SDK][WARN] 2026-07-24 16:21:04 Preparing upload task: {'tag': 'PT', 'content_type': 'application/octet-stream', 'upload_column': 'policUrl', 'try_count': 0, 'file_path': '/workspace/F1_train_AMP/logs/x1_amp/exported_data/2026-07-24_15-30-20/model_2000.pt'}; Task queue (0)[SDK][INFO] 2026-07-24 16:21:07 Task(TASK_20260724_067) status updated to: Terminated , ret:True[SDK][INFO] 2026-07-24 16:21:24 PT file (model_2000.pt) uploaded successfully
